Team,W,L,W/L%,GB,PW,PL,PS/G,PA/G,Season
New York Knicks*,39,18,0.684,NA,40,17,109.7,103,1971
Philadelphia 76ers*,34,24,0.586,5.5,32,26,114.3,112.8,1971
Boston Celtics,30,26,0.536,8.5,32,24,118.7,116.5,1971
Buffalo Braves,16,44,0.267,24.5,18,42,104.6,111.3,1971
Baltimore Bullets*,32,22,0.593,NA,31,23,113.7,111.4,1971
Cincinnati Royals,23,31,0.426,9,23,31,116.6,119.2,1971
Atlanta Hawks*,19,37,0.339,14,22,34,112.4,116,1971
Cleveland Cavaliers,10,48,0.172,24,9,49,101,113.9,1971
Milwaukee Bucks*,44,9,0.83,NA,44,9,120.3,107,1971
Detroit Pistons,35,20,0.636,10,28,27,110.2,109.9,1971
Phoenix Suns,34,23,0.596,12,35,22,115,111.4,1971
Chicago Bulls*,32,22,0.593,12.5,35,19,110.8,106.3,1971
Los Angeles Lakers*,31,22,0.585,NA,33,20,116.6,112.6,1971
San Francisco Warriors*,30,26,0.536,2.5,28,28,106.7,106.7,1971
Seattle SuperSonics,25,30,0.455,7,23,32,113.7,116.7,1971
San Diego Rockets,24,34,0.414,9.5,26,32,112.3,114.2,1971
Portland Trail Blazers,17,39,0.304,15.5,19,37,114.4,120.4,1971
Boston Celtics*,38,18,0.679,NA,36,20,114,109.4,1972
New York Knicks*,31,21,0.596,5,32,20,107.7,104.1,1972
Philadelphia 76ers,22,31,0.415,14.5,21,32,113.8,117,1972
Buffalo Braves,15,36,0.294,20.5,13,38,101.6,109.6,1972
Baltimore Bullets*,24,28,0.462,NA,24,28,107.6,108.6,1972
Atlanta Hawks*,20,33,0.377,4.5,20,33,108.5,112.3,1972
Cleveland Cavaliers,17,37,0.315,8,15,39,103.2,110.6,1972
Cincinnati Royals,16,35,0.314,7.5,17,34,105.4,110.7,1972
Milwaukee Bucks*,44,11,0.8,NA,47,8,115,101.5,1972
Chicago Bulls*,38,16,0.704,5.5,40,14,111.2,103.2,1972
Phoenix Suns,32,24,0.571,12.5,37,19,116.2,110.8,1972
Detroit Pistons,18,36,0.333,25.5,15,39,107.6,115,1972
Los Angeles Lakers*,44,7,0.863,NA,42,9,121.4,108.5,1972
Golden State Warriors*,33,21,0.611,12.5,28,26,106,105.3,1972
Seattle SuperSonics,32,23,0.582,14,31,24,108.9,107.1,1972
Houston Rockets,19,34,0.358,26,20,33,108,111.8,1972
Portland Trail Blazers,12,44,0.214,34.5,12,44,107.3,118,1972
Boston Celtics*,41,9,0.82,NA,39,11,113.2,103.2,1973
New York Knicks*,43,13,0.768,1,42,14,105.7,97.5,1973
Buffalo Braves,17,35,0.327,25,12,40,100.7,109.6,1973
Philadelphia 76ers,4,51,0.073,39.5,8,47,102.8,116.4,1973
Baltimore Bullets*,33,18,0.647,NA,33,18,104.2,99.6,1973
Atlanta Hawks*,29,26,0.527,6,27,28,110.9,111.2,1973
Houston Rockets,21,32,0.396,13,22,31,110.1,112.6,1973
Cleveland Cavaliers,19,33,0.365,14.5,21,31,100.1,103.3,1973
Milwaukee Bucks*,37,15,0.712,NA,40,12,106.2,97.5,1973
Chicago Bulls*,31,20,0.608,5.5,31,20,103.2,99.9,1973
Kansas City-Omaha Kings,26,31,0.456,13.5,23,34,107.4,110.4,1973
Detroit Pistons,22,31,0.415,15.5,25,28,109.9,111,1973
Los Angeles Lakers*,41,11,0.788,NA,41,11,113,103.2,1973
Golden State Warriors*,33,21,0.611,9,34,20,108.4,104.1,1973
Phoenix Suns,25,28,0.472,16.5,25,28,109.3,110.4,1973
Seattle SuperSonics,17,38,0.309,25.5,16,39,100.7,107.3,1973
Portland Trail Blazers,13,40,0.245,28.5,15,38,104.6,111.9,1973
Boston Celtics*,37,12,0.755,NA,33,16,110.9,105.3,1974
New York Knicks*,32,22,0.593,7.5,33,21,100.6,97.2,1974
Buffalo Braves*,26,29,0.473,14,24,31,110.5,112.8,1974
Philadelphia 76ers,15,36,0.294,23,16,35,100.6,106.7,1974
Capital Bullets*,28,23,0.549,NA,27,24,101.2,100.4,1974
Atlanta Hawks,23,31,0.426,6.5,25,29,110.7,111.7,1974
Cleveland Cavaliers,19,37,0.339,11.5,19,37,99.5,104.6,1974
Houston Rockets,18,37,0.327,12,25,30,104.9,106.2,1974
Milwaukee Bucks*,40,12,0.769,NA,42,10,109.1,98.4,1974
Chicago Bulls*,37,18,0.673,4.5,33,22,102.6,99.9,1974
Detroit Pistons*,35,19,0.648,6,37,17,104.7,98.9,1974
Kansas City-Omaha Kings,21,36,0.368,21.5,20,37,102.1,106.8,1974
Los Angeles Lakers*,30,22,0.577,NA,26,26,108.3,108.4,1974
Golden State Warriors,27,22,0.551,1.5,28,21,107.9,106,1974
Seattle SuperSonics,25,33,0.431,8,24,34,105.7,108.3,1974
Phoenix Suns,21,32,0.396,9.5,22,31,108.8,111.5,1974
Portland Trail Blazers,19,32,0.373,10.5,20,31,107,110.7,1974
Boston Celtics*,34,14,0.708,NA,33,15,107.8,101.8,1975
Buffalo Braves*,33,18,0.647,2.5,31,20,109.1,106,1975
New York Knicks*,26,24,0.52,9,22,28,99.5,101,1975
Philadelphia 76ers,20,30,0.4,15,21,29,99.6,102.2,1975
Washington Bullets*,36,13,0.735,NA,35,14,103.7,97.2,1975
Houston Rockets*,25,25,0.5,11.5,28,22,103.7,102.2,1975
Cleveland Cavaliers,23,26,0.469,13,24,25,99.1,99.3,1975
Atlanta Hawks,21,33,0.389,17.5,26,28,105.3,105.9,1975
New Orleans Jazz,5,42,0.106,30,8,39,97.4,109.4,1975
Detroit Pistons*,31,21,0.596,NA,28,24,98.8,97.5,1975
Chicago Bulls*,28,21,0.571,1.5,29,20,97.5,94.8,1975
Milwaukee Bucks,24,24,0.5,5,24,24,99.3,99,1975
Kansas City-Omaha Kings*,25,26,0.49,5.5,22,29,100.1,101.9,1975
Golden State Warriors*,30,19,0.612,NA,31,18,109.5,105.5,1975
Seattle SuperSonics*,24,26,0.48,6.5,21,29,102.9,105.2,1975
Portland Trail Blazers,22,28,0.44,8.5,25,25,105.1,105.2,1975
Phoenix Suns,20,27,0.426,9,21,26,101.6,103.1,1975
Los Angeles Lakers,19,29,0.396,10.5,19,29,102.7,105.9,1975
Boston Celtics*,34,13,0.723,NA,31,16,108.6,103.7,1976
Buffalo Braves*,30,20,0.6,5.5,29,21,108,105.8,1976
Philadelphia 76ers*,29,20,0.592,6,25,24,106.5,106.1,1976
New York Knicks,24,27,0.471,12,23,28,103.6,105,1976
Washington Bullets*,28,21,0.571,NA,26,23,101.4,100.7,1976
Cleveland Cavaliers*,27,22,0.551,1,28,21,102.1,99.8,1976
Houston Rockets,23,23,0.5,3.5,21,25,104.7,105.9,1976
Atlanta Hawks,24,25,0.49,4,25,24,102.2,102.1,1976
New Orleans Jazz,22,24,0.478,4.5,22,24,102.1,103,1976
Milwaukee Bucks*,20,29,0.408,NA,19,30,97.9,100.9,1976
Detroit Pistons*,18,28,0.391,0.5,21,25,104.7,106.1,1976
Kansas City Kings,18,31,0.367,2,18,31,101.1,105,1976
Chicago Bulls,14,34,0.292,5.5,17,31,94.4,98.4,1976
Golden State Warriors*,35,13,0.729,NA,37,11,109.6,100.8,1976
Los Angeles Lakers,25,25,0.5,11,24,26,107.6,108.2,1976
Seattle SuperSonics*,23,26,0.469,12.5,20,29,102.7,105.2,1976
Portland Trail Blazers,22,27,0.449,13.5,25,24,103.5,103.4,1976
Phoenix Suns*,19,27,0.413,15,22,24,104.8,105.3,1976
Philadelphia 76ers*,29,18,0.617,NA,30,17,108.3,103.9,1977
Boston Celtics*,23,26,0.469,7,20,29,104.6,107.2,1977
New York Knicks,22,25,0.468,7,21,26,106.6,108,1977
Buffalo Braves,17,30,0.362,12,17,30,107.4,111.5,1977
New York Nets,13,34,0.277,16,14,33,96.1,102,1977
Washington Bullets*,27,19,0.587,NA,24,22,103.4,103,1977
Houston Rockets*,26,20,0.565,1,24,22,106.1,105.7,1977
Cleveland Cavaliers*,26,21,0.553,1.5,26,21,102.3,101,1977
San Antonio Spurs*,26,23,0.531,2.5,24,25,114.6,114.7,1977
New Orleans Jazz,22,27,0.449,6.5,22,27,105.3,106.9,1977
Atlanta Hawks,18,33,0.353,11.5,17,34,103.1,108.3,1977
Denver Nuggets*,32,15,0.681,NA,33,14,112.9,105.9,1977
Detroit Pistons*,29,21,0.58,4.5,25,25,110.1,110.2,1977
Kansas City Kings,26,25,0.51,8,27,24,106,104.8,1977
Indiana Pacers,23,27,0.46,10.5,24,26,106.7,107.6,1977
Chicago Bulls*,20,29,0.408,13,20,29,95.7,98.4,1977
Milwaukee Bucks,15,38,0.283,20,19,34,107.2,111.9,1977
Los Angeles Lakers*,33,16,0.673,NA,32,17,109,104.1,1977
Portland Trail Blazers*,34,17,0.667,NA,38,13,111,103.2,1977
Golden State Warriors*,26,22,0.542,6.5,27,21,111,109.1,1977
Seattle SuperSonics,26,24,0.52,7.5,24,26,105.1,105.9,1977
Phoenix Suns,22,25,0.468,10,26,21,102.7,101.4,1977
Philadelphia 76ers*,33,14,0.702,NA,31,16,113.6,108.3,1978
New York Knicks*,26,23,0.531,8,24,25,110.7,111.2,1978
Buffalo Braves,16,29,0.356,16,18,27,102.9,105.7,1978
Boston Celtics,16,30,0.348,16.5,17,29,105.2,109,1978
New Jersey Nets,9,41,0.18,25.5,12,38,104.1,112.8,1978
San Antonio Spurs*,30,18,0.625,NA,29,19,113.7,110.6,1978
Washington Bullets*,26,21,0.553,3.5,25,22,109.3,108.2,1978
New Orleans Jazz,26,24,0.52,5,23,27,107.7,109.1,1978
Cleveland Cavaliers*,22,24,0.478,7,21,25,102.1,103.3,1978
Atlanta Hawks*,23,27,0.46,8,23,27,103.2,104.3,1978
Houston Rockets,17,31,0.354,13,20,28,102.9,105.7,1978
Denver Nuggets*,31,18,0.633,NA,27,22,112.7,111,1978
Chicago Bulls,27,23,0.54,4.5,26,24,104.8,104.1,1978
Milwaukee Bucks*,26,25,0.51,6,24,27,112.3,113.2,1978
Detroit Pistons,23,25,0.479,7.5,23,25,106.6,107,1978
Indiana Pacers,19,28,0.404,11,20,27,107.8,110.4,1978
Kansas City Kings,16,34,0.32,15.5,19,31,107.4,111,1978
Portland Trail Blazers*,39,8,0.83,NA,37,10,110.9,100.6,1978
Phoenix Suns*,33,16,0.673,7,33,16,112.6,106.9,1978
Seattle SuperSonics*,27,22,0.551,13,26,23,103.9,102.9,1978
Golden State Warriors,24,25,0.49,16,25,24,105.4,105.1,1978
Los Angeles Lakers*,23,26,0.469,17,26,23,108.1,107,1978
Washington Bullets*,35,15,0.7,NA,34,16,115,109,1979
Philadelphia 76ers*,30,18,0.625,4,28,20,110.3,107.5,1979
New Jersey Nets*,23,25,0.479,11,18,30,109.4,113.4,1979
New York Knicks,23,30,0.434,13.5,22,31,107.7,110.4,1979
Boston Celtics,18,31,0.367,16.5,18,31,106.5,110.7,1979
San Antonio Spurs*,31,21,0.596,NA,36,16,119.6,112.8,1979
Houston Rockets*,27,22,0.551,2.5,25,24,110.6,110.2,1979
Atlanta Hawks*,28,25,0.528,3.5,30,23,109.7,107.8,1979
Cleveland Cavaliers,20,30,0.4,10,21,29,105.1,107.5,1979
Detroit Pistons,19,32,0.373,11.5,19,32,109.9,113.9,1979
New Orleans Jazz,17,35,0.327,14,17,35,107.6,113.2,1979
Kansas City Kings*,30,20,0.6,NA,30,20,111.6,108.3,1979
Denver Nuggets*,28,25,0.528,3.5,28,25,109.9,108.9,1979
Milwaukee Bucks,22,31,0.415,9.5,26,27,111.5,111.5,1979
Indiana Pacers,20,30,0.4,10,22,28,108.6,110.8,1979
Chicago Bulls,18,33,0.353,12.5,18,33,102.2,106.7,1979
Seattle SuperSonics*,33,16,0.673,NA,30,19,106.5,102.9,1979
Los Angeles Lakers*,32,20,0.615,2.5,33,19,114.3,109.9,1979
Phoenix Suns*,31,20,0.608,3,31,20,115.1,111.6,1979
San Diego Clippers,26,27,0.491,9,20,33,111.4,115.4,1979
Portland Trail Blazers*,23,25,0.479,9.5,23,25,107.5,107.9,1979
Golden State Warriors,25,28,0.472,10,27,26,106.3,105.8,1979
Boston Celtics*,40,13,0.755,NA,38,15,112,104.5,1980
Philadelphia 76ers*,38,14,0.731,1.5,34,18,110.4,105.3,1980
New York Knicks,27,28,0.491,14,27,28,114.6,114.9,1980
Washington Bullets*,23,29,0.442,16.5,20,32,106.1,109.9,1980
New Jersey Nets,22,32,0.407,18.5,24,30,105.8,107.5,1980
Atlanta Hawks*,32,23,0.582,NA,33,22,107.1,103.8,1980
San Antonio Spurs*,29,25,0.537,2.5,26,28,119.8,120.3,1980
Indiana Pacers,26,28,0.481,5.5,25,29,111.6,112.6,1980
Houston Rockets*,25,28,0.472,6,27,26,113.2,113.1,1980
Cleveland Cavaliers,23,32,0.418,9,28,27,114.9,114.5,1980
Detroit Pistons,14,40,0.259,17.5,17,37,108.9,115.4,1980
Kansas City Kings*,35,23,0.603,NA,38,20,109.7,104.8,1980
Milwaukee Bucks*,29,27,0.518,5,29,27,107.3,106.7,1980
Chicago Bulls,18,35,0.34,14.5,21,32,106.5,110,1980
Denver Nuggets,19,37,0.339,15,20,36,108.3,113,1980
Utah Jazz,18,37,0.327,15.5,18,37,103.8,109.2,1980
Seattle SuperSonics*,38,16,0.704,NA,35,19,109.3,104.4,1980
Los Angeles Lakers*,38,17,0.691,0.5,35,20,115.1,110.4,1980
Phoenix Suns*,35,19,0.648,3,32,22,109.8,106.6,1980
San Diego Clippers,28,29,0.491,11.5,23,34,108.8,111.9,1980
Portland Trail Blazers*,26,29,0.473,12.5,27,28,100.9,101,1980
Golden State Warriors,16,38,0.296,22,20,34,103,107.1,1980
Philadelphia 76ers*,44,10,0.815,NA,41,13,111.9,102.8,1981
Boston Celtics*,43,10,0.811,0.5,38,15,108.8,102,1981
New York Knicks*,31,22,0.585,12.5,28,25,108,107.1,1981
Washington Bullets,26,28,0.481,18,27,27,104,104,1981
New Jersey Nets,15,41,0.268,30,17,39,104.8,111,1981
Milwaukee Bucks*,39,14,0.736,NA,38,15,111.6,104.8,1981
Indiana Pacers*,31,23,0.574,8.5,31,23,108.7,106.6,1981
Chicago Bulls*,27,27,0.5,12.5,30,24,108.6,107,1981
Cleveland Cavaliers,22,32,0.407,17.5,22,32,104.1,107.1,1981
Atlanta Hawks,19,34,0.358,20,22,31,104.8,107.6,1981
Detroit Pistons,13,42,0.236,27,16,39,98.7,105.5,1981
San Antonio Spurs*,34,20,0.63,NA,33,21,112.5,109.1,1981
Houston Rockets*,24,29,0.453,9.5,25,28,108.7,109.5,1981
Kansas City Kings*,24,30,0.444,10,25,29,107.2,108.5,1981
Utah Jazz,23,32,0.418,11.5,18,37,103,108.4,1981
Denver Nuggets,20,32,0.385,13,24,28,118.7,120.2,1981
Dallas Mavericks,8,45,0.151,25.5,12,41,99.3,108.3,1981
Phoenix Suns*,41,16,0.719,NA,38,19,109.4,104.1,1981
Los Angeles Lakers*,36,18,0.667,3.5,35,19,111.6,107,1981
Golden State Warriors,27,25,0.519,11.5,25,27,108.3,109,1981
Portland Trail Blazers*,27,27,0.5,12.5,27,27,107.5,107.3,1981
San Diego Clippers,23,30,0.434,16,23,30,104.5,106.5,1981
Seattle SuperSonics,21,31,0.404,17.5,24,28,104,105.2,1981
Boston Celtics*,32,11,0.744,NA,31,12,110.6,103.6,1982
Philadelphia 76ers*,30,14,0.682,2.5,29,15,109.9,105.1,1982
Washington Bullets*,22,20,0.524,9.5,22,20,102.2,101.3,1982
New York Knicks,20,24,0.455,12.5,20,24,106,107.6,1982
New Jersey Nets*,19,24,0.442,13,18,25,104.3,106.4,1982
Milwaukee Bucks*,29,14,0.674,NA,27,16,106.1,102.5,1982
Atlanta Hawks*,19,22,0.463,9,18,23,98.4,100.4,1982
Indiana Pacers,19,24,0.442,10,21,22,101.7,102,1982
Chicago Bulls,18,25,0.419,11,20,23,106.4,107.8,1982
Detroit Pistons,18,26,0.409,11.5,21,23,109.9,110.6,1982
Cleveland Cavaliers,8,34,0.19,20.5,11,31,102.4,110.1,1982
San Antonio Spurs*,28,14,0.667,NA,27,15,113.2,108.3,1982
Denver Nuggets*,23,20,0.535,5.5,21,22,123.3,124,1982
Houston Rockets*,21,22,0.488,7.5,19,24,104.2,106.1,1982
Kansas City Kings,14,29,0.326,14.5,14,29,105.6,110.9,1982
Utah Jazz,13,29,0.31,15,14,28,106.9,112.2,1982
Dallas Mavericks,13,29,0.31,15,14,28,103.5,109.1,1982
Los Angeles Lakers*,31,12,0.721,NA,28,15,114.2,109,1982
Seattle SuperSonics*,29,13,0.69,1.5,28,14,106.7,101.2,1982
Phoenix Suns*,24,17,0.585,6,26,15,104.8,100.7,1982
Portland Trail Blazers,23,18,0.561,7,22,19,110,108.8,1982
Golden State Warriors,23,18,0.561,7,24,17,114.4,111.7,1982
San Diego Clippers,13,30,0.302,18,15,28,108.6,113.5,1982
Philadelphia 76ers*,39,6,0.867,NA,35,10,115.9,105.8,1983
Boston Celtics*,35,10,0.778,4,33,12,114.2,106.4,1983
New Jersey Nets*,29,17,0.63,10.5,25,21,105.2,103.8,1983
Washington Bullets,20,24,0.455,18.5,19,25,97.3,99.3,1983
New York Knicks*,18,27,0.4,21,23,22,96.8,96.6,1983
Milwaukee Bucks*,31,16,0.66,NA,32,15,107.9,101.9,1983
Detroit Pistons,23,23,0.5,7.5,23,23,112.4,112.6,1983
Atlanta Hawks*,22,23,0.489,8,19,26,100.8,103,1983
Chicago Bulls,16,31,0.34,15,18,29,113.3,117.1,1983
Indiana Pacers,14,30,0.318,15.5,16,28,109.5,113.7,1983
Cleveland Cavaliers,9,36,0.2,21,11,34,96.5,104.7,1983
San Antonio Spurs*,30,18,0.625,NA,28,20,112.1,109.2,1983
Kansas City Kings,23,22,0.511,5.5,22,23,112.6,112.8,1983
Dallas Mavericks,21,23,0.477,7,22,22,113.7,113.7,1983
Denver Nuggets*,22,25,0.468,7.5,22,25,122.3,123.6,1983
Utah Jazz,18,29,0.383,11.5,15,32,108.4,114.1,1983
Houston Rockets,8,37,0.178,20.5,8,37,95.7,106.9,1983
Los Angeles Lakers*,34,10,0.773,NA,32,12,116,108.5,1983
Portland Trail Blazers*,27,19,0.587,8,28,18,107.8,104.6,1983
Phoenix Suns*,27,20,0.574,8.5,30,17,105.3,100.9,1983
Seattle SuperSonics*,25,20,0.556,9.5,27,18,107,103.9,1983
Golden State Warriors,19,26,0.422,15.5,17,28,107.6,111.2,1983
San Diego Clippers,14,32,0.304,21,17,29,109.9,114.3,1983
Boston Celtics*,36,9,0.8,NA,33,12,113.2,105.7,1984
Philadelphia 76ers*,30,14,0.682,5.5,26,18,107.9,105.2,1984
New York Knicks*,26,18,0.591,9.5,29,15,107.2,102.6,1984
New Jersey Nets*,23,22,0.511,13,23,22,111.3,110.8,1984
Washington Bullets*,20,25,0.444,16,18,27,103.3,106.4,1984
Milwaukee Bucks*,25,20,0.556,NA,25,20,104,102.5,1984
Atlanta Hawks*,25,21,0.543,0.5,19,27,100.4,102.7,1984
Detroit Pistons*,23,20,0.535,1,26,17,116.7,113.5,1984
Chicago Bulls,16,26,0.381,7.5,17,25,103,106,1984
Indiana Pacers,13,30,0.302,11,15,28,104.6,109.6,1984
Cleveland Cavaliers,13,30,0.302,11,16,27,102.2,106.3,1984
Utah Jazz*,28,16,0.636,NA,26,18,118.4,115.5,1984
Dallas Mavericks*,25,20,0.556,3.5,23,22,111.6,111.3,1984
San Antonio Spurs,20,25,0.444,8.5,25,20,119.2,117.7,1984
Denver Nuggets*,19,26,0.422,9.5,19,26,123.9,126.7,1984
Houston Rockets,19,26,0.422,9.5,20,25,111,113,1984
Kansas City Kings*,17,27,0.386,11,18,26,109.9,112.4,1984
Los Angeles Lakers*,28,16,0.636,NA,26,18,116.5,113.1,1984
Portland Trail Blazers*,27,20,0.574,2.5,29,18,115.1,111.3,1984
Seattle SuperSonics*,23,20,0.535,4.5,20,23,108.5,109.7,1984
Phoenix Suns*,20,24,0.455,8,24,20,111.2,109.9,1984
Golden State Warriors,20,26,0.435,9,18,28,110.1,113.6,1984
San Diego Clippers,15,30,0.333,13.5,17,28,109.8,113.8,1984
Boston Celtics*,38,9,0.809,NA,34,13,115.4,107.9,1985
Philadelphia 76ers*,37,9,0.804,0.5,31,15,112.6,107.2,1985
Washington Bullets*,27,21,0.563,11.5,25,23,104.5,103.9,1985
New Jersey Nets*,21,26,0.447,17,23,24,106.8,107.2,1985
New York Knicks,17,31,0.354,21.5,19,29,103.5,106.9,1985
Milwaukee Bucks*,33,14,0.702,NA,33,14,108,101.6,1985
Detroit Pistons*,28,17,0.622,4,28,17,116.6,112.4,1985
Chicago Bulls*,24,23,0.511,9,24,23,108.2,107.9,1985
Atlanta Hawks,20,26,0.435,12.5,23,23,109,108.9,1985
Indiana Pacers,16,31,0.34,17,16,31,108,113.1,1985
Cleveland Cavaliers*,13,32,0.289,19,14,31,105.3,111.8,1985
Denver Nuggets*,30,17,0.638,NA,27,20,118.9,116.5,1985
Houston Rockets*,26,20,0.565,3.5,25,21,107.3,105.8,1985
Dallas Mavericks*,24,23,0.511,6,25,22,108.1,106.8,1985
San Antonio Spurs*,23,23,0.5,6.5,24,22,115.7,114.7,1985
Utah Jazz*,21,26,0.447,9,22,25,109.4,110.6,1985
Kansas City Kings,15,31,0.326,14.5,18,28,113.6,117,1985
Los Angeles Lakers*,32,16,0.667,NA,31,17,114.5,109.5,1985
Phoenix Suns*,22,25,0.468,9.5,23,24,106.9,107.5,1985
Seattle SuperSonics,21,27,0.438,11,19,29,99.4,102.5,1985
Portland Trail Blazers*,20,27,0.426,11.5,26,21,114.6,112.5,1985
Los Angeles Clippers,19,28,0.404,12.5,16,31,104.3,109.1,1985
Golden State Warriors,10,35,0.222,20.5,10,35,105.4,115,1985
Boston Celtics*,35,8,0.814,NA,31,12,113.4,105.6,1986
Philadelphia 76ers*,30,18,0.625,7.5,26,22,109,107.7,1986
New Jersey Nets*,28,21,0.571,10,25,24,109.9,109.8,1986
Washington Bullets*,23,24,0.489,14,22,25,102.2,102.9,1986
New York Knicks,17,30,0.362,20,17,30,98.7,102.7,1986
Milwaukee Bucks*,32,17,0.653,NA,38,11,114.9,105.4,1986
Atlanta Hawks*,26,20,0.565,4.5,26,20,107.2,105.5,1986
Detroit Pistons*,24,24,0.5,7.5,23,25,114.6,115.1,1986
Cleveland Cavaliers,18,29,0.383,13,20,27,108.3,110.5,1986
Chicago Bulls*,17,31,0.354,14.5,19,29,111.3,114.8,1986
Indiana Pacers,14,32,0.304,16.5,17,29,102.6,106.3,1986
Houston Rockets*,32,15,0.681,NA,28,19,116,112.6,1986
Denver Nuggets*,28,20,0.583,4.5,26,22,116,114.5,1986
Dallas Mavericks*,23,21,0.523,7.5,23,21,115,114.5,1986
San Antonio Spurs*,25,24,0.51,8,25,24,110.2,109.9,1986
Utah Jazz*,24,25,0.49,9,23,26,108.8,110,1986
Sacramento Kings*,18,30,0.375,14.5,17,31,108.2,113.3,1986
Los Angeles Lakers*,35,10,0.778,NA,34,11,120,110.5,1986
Portland Trail Blazers*,29,22,0.569,9,30,21,115.6,113,1986
Phoenix Suns,18,28,0.391,17.5,19,27,110.4,113.3,1986
Los Angeles Clippers,18,31,0.367,19,13,36,108,116.4,1986
Seattle SuperSonics,17,30,0.362,19,24,23,102.1,101.9,1986
Golden State Warriors,15,36,0.294,23,18,33,111.2,116.2,1986
Boston Celtics*,33,11,0.75,NA,32,12,112.2,104.8,1987
Philadelphia 76ers*,26,19,0.578,7.5,21,24,106.6,107.3,1987
Washington Bullets*,22,21,0.512,10.5,20,23,105.5,106.6,1987
New York Knicks,13,31,0.295,20,15,29,100.7,105.5,1987
New Jersey Nets,11,33,0.25,22,16,28,108.2,112.7,1987
Detroit Pistons*,29,15,0.659,NA,27,17,110.2,106.7,1987
Atlanta Hawks*,28,16,0.636,1,31,13,109.5,103.3,1987
Milwaukee Bucks*,28,20,0.583,3,28,20,107.4,104.7,1987
Chicago Bulls*,21,22,0.488,7.5,20,23,102.4,103.7,1987
Indiana Pacers*,20,24,0.455,9,20,24,105.5,106.6,1987
Cleveland Cavaliers,18,27,0.4,11.5,16,29,104,108.5,1987
Dallas Mavericks*,28,16,0.636,NA,30,14,117.6,111.3,1987
Utah Jazz*,26,18,0.591,2,23,21,108,107.3,1987
Houston Rockets*,23,21,0.523,5,24,20,105.8,104.6,1987
Denver Nuggets*,20,25,0.444,8.5,19,26,116.7,119.6,1987
San Antonio Spurs,16,29,0.356,12.5,16,29,105.2,109.9,1987
Sacramento Kings,14,30,0.318,14,17,27,109.3,113.3,1987
Los Angeles Lakers*,34,10,0.773,NA,34,10,118.2,108.6,1987
Portland Trail Blazers*,28,19,0.596,7.5,29,18,117.6,113.3,1987
Seattle SuperSonics*,24,20,0.545,10,25,19,114.7,112.5,1987
Golden State Warriors*,25,22,0.532,10.5,20,27,111.5,113.7,1987
Phoenix Suns,19,27,0.413,16,19,27,110.9,113.8,1987
Los Angeles Clippers,7,37,0.159,27,11,33,104.3,113.2,1987
Boston Celtics*,31,12,0.721,NA,29,14,112.7,106.8,1988
Philadelphia 76ers,19,22,0.463,11,19,22,105.9,106.8,1988
Washington Bullets*,17,23,0.425,12.5,20,20,108.2,108.4,1988
New York Knicks*,14,28,0.333,16.5,19,23,103.4,105.1,1988
New Jersey Nets,10,32,0.238,20.5,9,33,100.5,110,1988
Atlanta Hawks*,29,14,0.674,NA,29,14,105.9,100.9,1988
Detroit Pistons*,24,15,0.615,3,24,15,111.9,107.9,1988
Chicago Bulls*,26,17,0.605,3,26,17,103.7,100.4,1988
Milwaukee Bucks*,21,19,0.525,6.5,22,18,105.7,104.2,1988
Cleveland Cavaliers*,22,21,0.512,7,22,21,105.2,104.5,1988
Indiana Pacers,21,21,0.5,7.5,21,21,104.9,105,1988
Dallas Mavericks*,28,13,0.683,NA,26,15,107.9,104,1988
Denver Nuggets*,24,17,0.585,4,25,16,116.2,112.9,1988
Houston Rockets*,23,17,0.575,4.5,22,18,105.9,104.5,1988
Utah Jazz*,20,22,0.476,8.5,24,18,106.3,104.1,1988
San Antonio Spurs*,17,22,0.436,10,16,23,114.7,118.1,1988
Sacramento Kings,13,28,0.317,15,13,28,107.8,113.9,1988
Los Angeles Lakers*,33,8,0.805,NA,30,11,112.8,105.4,1988
Portland Trail Blazers*,25,15,0.625,7.5,25,15,115.4,110.9,1988
Seattle SuperSonics*,25,19,0.568,9.5,25,19,111.1,108.6,1988
Phoenix Suns,13,27,0.325,19.5,14,26,108.5,113.2,1988
Los Angeles Clippers,10,31,0.244,23,8,33,97.6,107.5,1988
Golden State Warriors,9,31,0.225,23.5,9,31,104.6,114.4,1988
New York Knicks*,28,16,0.636,NA,26,18,117,113.8,1989
Philadelphia 76ers*,25,19,0.568,3,25,19,113,110.7,1989
Boston Celtics*,21,22,0.488,6.5,24,19,108.1,106.5,1989
New Jersey Nets,17,25,0.405,10,16,26,104.3,107.9,1989
Washington Bullets,16,25,0.39,10.5,15,26,108.3,112.2,1989
Charlotte Hornets,11,33,0.25,17,12,32,102.8,110.7,1989
Cleveland Cavaliers*,32,9,0.78,NA,32,9,111.1,101.9,1989
Detroit Pistons*,28,13,0.683,4,25,16,104.2,101,1989
Milwaukee Bucks*,27,14,0.659,5,26,15,109.3,104.7,1989
Atlanta Hawks*,27,16,0.628,6,27,16,111.4,107.4,1989
Chicago Bulls*,24,17,0.585,8,23,18,105.9,104.1,1989
Indiana Pacers,11,31,0.262,21.5,15,27,106.7,111.6,1989
Utah Jazz*,26,17,0.605,NA,28,15,104.2,99.9,1989
Houston Rockets*,25,17,0.595,0.5,23,19,110,108.9,1989
Dallas Mavericks,21,20,0.512,4,21,20,105.2,105,1989
Denver Nuggets*,22,22,0.5,4.5,25,19,120.7,118.2,1989
San Antonio Spurs,12,30,0.286,13.5,15,27,107.1,112,1989
Miami Heat,4,37,0.098,21,6,35,96.3,109.2,1989
Los Angeles Lakers*,30,14,0.682,NA,31,13,113.5,106.4,1989
Phoenix Suns*,27,15,0.643,2,27,15,117.3,112.5,1989
Seattle SuperSonics*,26,15,0.634,2.5,27,14,114.6,109.7,1989
Portland Trail Blazers*,23,19,0.548,6,24,18,114.1,111.8,1989
Golden State Warriors*,22,19,0.537,6.5,20,21,112.3,112.6,1989
Sacramento Kings,12,29,0.293,16.5,11,30,104.3,112.2,1989
Los Angeles Clippers,10,33,0.233,19.5,8,35,104.4,115.9,1989
New York Knicks*,28,16,0.636,NA,26,18,109.1,106.6,1990
Philadelphia 76ers*,27,16,0.628,0.5,28,15,107.8,103.3,1990
Boston Celtics*,26,16,0.619,1,27,15,106.7,102.7,1990
Washington Bullets,15,29,0.341,13,17,27,105.1,109,1990
New Jersey Nets,12,32,0.273,16,12,32,96.7,103.7,1990
Miami Heat,9,36,0.2,19.5,8,37,98.5,110.1,1990
Detroit Pistons*,31,14,0.689,NA,30,15,103.5,98.2,1990
Chicago Bulls*,28,16,0.636,2.5,25,19,109.2,106.7,1990
Milwaukee Bucks*,26,19,0.578,5,23,22,107.2,106.8,1990
Indiana Pacers*,23,21,0.523,7.5,21,23,108.4,108.8,1990
Atlanta Hawks,21,21,0.5,8.5,21,21,106.7,106.5,1990
Cleveland Cavaliers*,19,23,0.452,10.5,17,25,98.7,101.8,1990
Orlando Magic,13,31,0.295,17.5,13,31,109.8,117.1,1990
Utah Jazz*,30,12,0.714,NA,29,13,107.9,101.7,1990
San Antonio Spurs*,29,13,0.69,1,26,16,105.1,101.7,1990
Denver Nuggets*,24,19,0.558,6.5,25,18,115.4,112.7,1990
Dallas Mavericks*,24,20,0.545,7,23,21,101.9,101.2,1990
Houston Rockets*,21,23,0.477,10,24,20,104.4,103.3,1990
Minnesota Timberwolves,9,33,0.214,21,14,28,94.6,99.1,1990
Charlotte Hornets,8,33,0.195,21.5,9,32,98.1,107.7,1990
Los Angeles Lakers*,31,11,0.738,NA,31,11,108.7,101,1990
Portland Trail Blazers*,31,12,0.721,0.5,29,14,111.7,105.8,1990
Phoenix Suns*,26,16,0.619,5,31,11,113.5,105.6,1990
Golden State Warriors,20,22,0.476,11,17,25,115.1,118.5,1990
Seattle SuperSonics,19,22,0.463,11.5,22,19,107.8,106.6,1990
Los Angeles Clippers,19,24,0.442,12.5,21,22,103.9,104.3,1990
Sacramento Kings,12,31,0.279,19.5,15,28,101.7,106.3,1990
Boston Celtics*,32,12,0.727,NA,33,11,113.2,104.8,1991
Philadelphia 76ers*,24,19,0.558,7.5,22,21,107.5,107.4,1991
Washington Bullets,20,25,0.444,12.5,17,28,103.1,106.7,1991
New York Knicks*,19,25,0.432,13,21,23,102.5,103.5,1991
New Jersey Nets,14,30,0.318,18,15,29,101.2,105.7,1991
Miami Heat,12,33,0.267,20.5,12,33,101.8,109.5,1991
Detroit Pistons*,33,13,0.717,NA,32,14,99.8,94.4,1991
Chicago Bulls*,30,13,0.698,1.5,32,11,109.6,101.6,1991
Milwaukee Bucks*,28,18,0.609,5,26,20,107.3,105.2,1991
Atlanta Hawks*,24,20,0.545,8,24,20,108.7,107.3,1991
Indiana Pacers*,18,25,0.419,13.5,19,24,109.2,111.2,1991
Charlotte Hornets,14,29,0.326,17.5,15,28,103.8,108.6,1991
Cleveland Cavaliers,14,29,0.326,17.5,16,27,101.7,105.8,1991
San Antonio Spurs*,31,11,0.738,NA,28,14,109.4,104.2,1991
Utah Jazz*,29,15,0.659,3,28,16,104.7,100.9,1991
Houston Rockets*,23,21,0.523,9,26,18,107.1,104.6,1991
Dallas Mavericks,15,27,0.357,16,17,25,99.2,102,1991
Minnesota Timberwolves,14,27,0.341,16.5,14,27,97.2,101.9,1991
Denver Nuggets,13,30,0.302,18.5,10,33,122.7,133.4,1991
Orlando Magic,11,33,0.25,21,13,31,105.2,111.9,1991
Portland Trail Blazers*,38,8,0.826,NA,36,10,117.1,106.6,1991
Los Angeles Lakers*,33,11,0.75,4,33,11,107.5,99.4,1991
Phoenix Suns*,28,15,0.651,8.5,30,13,116.2,109.7,1991
Golden State Warriors*,25,18,0.581,11.5,23,20,118.6,117.4,1991
Seattle SuperSonics*,20,22,0.476,16,22,20,107.5,106.8,1991
Los Angeles Clippers,15,30,0.333,22.5,15,30,102.7,107.7,1991
Sacramento Kings,12,30,0.286,24,11,31,95.1,102.6,1991
New York Knicks*,28,15,0.651,NA,26,17,102.8,99.8,1992
Boston Celtics*,27,18,0.6,2,28,17,107.3,103.8,1992
Philadelphia 76ers,23,23,0.5,6.5,24,22,103.5,102.6,1992
Miami Heat*,21,24,0.467,8,17,28,105.9,109.7,1992
New Jersey Nets*,19,26,0.422,10,19,26,104.2,106.7,1992
Washington Bullets,14,29,0.326,14,16,27,101.8,106,1992
Orlando Magic,11,33,0.25,17.5,12,32,100.5,107.5,1992
Chicago Bulls*,38,7,0.844,NA,36,9,110.4,99.5,1992
Cleveland Cavaliers*,29,13,0.69,7.5,29,13,108.6,102.6,1992
Detroit Pistons*,26,20,0.565,12.5,27,19,99.7,97.3,1992
Atlanta Hawks,23,22,0.511,15,22,23,107.4,107.9,1992
Milwaukee Bucks,20,23,0.465,17,21,22,106.1,106.5,1992
Indiana Pacers*,17,28,0.378,21,24,21,112.8,111.8,1992
Charlotte Hornets,12,32,0.273,25.5,14,30,107.3,113.5,1992
Utah Jazz*,30,17,0.638,NA,31,16,107.6,102.8,1992
San Antonio Spurs*,26,18,0.591,2.5,30,14,103.9,98.7,1992
Houston Rockets,24,20,0.545,4.5,18,26,100.8,103.3,1992
Denver Nuggets,17,26,0.395,11,12,31,99.7,106.3,1992
Dallas Mavericks,13,31,0.295,15.5,12,32,98.1,105.1,1992
Minnesota Timberwolves,7,36,0.163,21,12,31,97.8,104.6,1992
Portland Trail Blazers*,30,13,0.698,NA,31,12,111.4,103.7,1992
Golden State Warriors*,27,13,0.675,1.5,25,15,118.6,114,1992
Phoenix Suns*,30,16,0.652,1.5,33,13,112.8,105.2,1992
Los Angeles Lakers*,27,16,0.628,3,21,22,99.9,100.5,1992
Seattle SuperSonics*,22,23,0.489,9,22,23,104.8,104.9,1992
Los Angeles Clippers*,21,24,0.467,10,20,25,100.1,102,1992
Sacramento Kings,14,30,0.318,16.5,12,32,102.3,110,1992
New York Knicks*,25,15,0.625,NA,27,13,98.5,93.7,1993
New Jersey Nets*,25,19,0.568,2,24,20,104.4,103.4,1993
Boston Celtics*,22,21,0.512,4.5,20,23,104,104.9,1993
Orlando Magic,19,19,0.5,5,22,16,108.7,106.6,1993
Philadelphia 76ers,17,24,0.415,8.5,16,25,108.4,112.2,1993
Miami Heat,13,27,0.325,12,16,24,102.3,105,1993
Washington Bullets,12,29,0.293,13.5,12,29,103.9,110.3,1993
Chicago Bulls*,29,15,0.659,NA,29,15,104.4,99.5,1993
Cleveland Cavaliers*,25,18,0.581,3.5,29,14,109,103.1,1993
Indiana Pacers*,22,21,0.512,6.5,24,19,108.7,107.1,1993
Charlotte Hornets*,21,20,0.512,6.5,20,21,110.5,110.9,1993
Atlanta Hawks*,21,21,0.5,7,18,24,105.2,107.8,1993
Detroit Pistons,19,23,0.452,9,19,23,100.3,101.8,1993
Milwaukee Bucks,18,24,0.429,10,17,25,101.5,104.3,1993
San Antonio Spurs*,26,14,0.65,NA,27,13,108.5,102.8,1993
Utah Jazz*,27,15,0.643,NA,27,15,107.3,103.2,1993
Houston Rockets*,24,18,0.571,3,21,21,101.5,101.2,1993
Denver Nuggets,15,26,0.366,11.5,13,28,103.4,109,1993
Minnesota Timberwolves,8,30,0.211,17,10,28,98,105,1993
Dallas Mavericks,3,37,0.075,23,4,36,100.1,117.4,1993
Phoenix Suns*,31,8,0.795,NA,28,11,114.5,107.4,1993
Portland Trail Blazers*,28,12,0.7,3.5,27,13,109.9,104.7,1993
Seattle SuperSonics*,28,13,0.683,4,29,12,108,101.7,1993
Los Angeles Lakers*,22,20,0.524,10.5,21,21,102.1,102.3,1993
Los Angeles Clippers*,22,20,0.524,10.5,22,20,107,106.3,1993
Golden State Warriors,20,23,0.465,13,22,21,114.1,113.7,1993
Sacramento Kings,16,26,0.381,16.5,21,21,109.4,109.1,1993
New York Knicks*,31,11,0.738,NA,32,10,99.9,91.7,1994
Orlando Magic*,26,17,0.605,5.5,26,17,105.5,102.3,1994
Miami Heat*,21,21,0.5,10,24,18,102.2,99.8,1994
New Jersey Nets*,20,22,0.476,11,22,20,100.5,99.9,1994
Boston Celtics,20,24,0.455,12,17,27,100.5,103.8,1994
Philadelphia 76ers,18,24,0.429,13,16,26,96.5,99.6,1994
Washington Bullets,14,28,0.333,17,13,29,99.1,104.6,1994
Atlanta Hawks*,30,11,0.732,NA,29,12,102.4,96.4,1994
Chicago Bulls*,30,12,0.714,0.5,26,16,98.5,94.9,1994
Charlotte Hornets,22,20,0.524,8.5,21,21,107.8,107.8,1994
Cleveland Cavaliers*,21,21,0.5,9.5,25,17,101.3,98.6,1994
Indiana Pacers*,18,23,0.439,12,21,20,99.2,98.6,1994
Milwaukee Bucks,12,31,0.279,19,14,29,94.8,99.9,1994
Detroit Pistons,9,33,0.214,21.5,11,31,94.8,101.7,1994
Houston Rockets*,31,11,0.738,NA,26,16,99.9,96.6,1994
San Antonio Spurs*,30,14,0.682,2,31,13,97.5,91.7,1994
Utah Jazz*,29,15,0.659,3,28,16,101.8,97.6,1994
Denver Nuggets*,20,22,0.476,11,20,22,99.6,100.5,1994
Minnesota Timberwolves,14,27,0.341,16.5,15,26,97.3,101,1994
Dallas Mavericks,3,40,0.07,28.5,7,36,92.8,103.8,1994
Seattle SuperSonics*,31,10,0.756,NA,32,9,104.6,95.5,1994
Phoenix Suns*,29,13,0.69,2.5,28,14,108.8,103.6,1994
Portland Trail Blazers*,25,18,0.581,7,24,19,104.8,102.7,1994
Golden State Warriors*,23,18,0.561,8,21,20,103.4,103.3,1994
Los Angeles Clippers,15,27,0.357,16.5,15,27,100.9,105.6,1994
Los Angeles Lakers,14,27,0.341,17,12,29,100.2,106.7,1994
Sacramento Kings,13,29,0.31,18.5,12,30,101.9,108.8,1994
Orlando Magic*,35,8,0.814,NA,32,11,111.3,103,1995
New York Knicks*,28,14,0.667,6.5,25,17,98.3,95.5,1995
New Jersey Nets,18,29,0.383,19,20,27,99,101.3,1995
Boston Celtics*,16,27,0.372,19,17,26,102.1,105.6,1995
Miami Heat,15,28,0.349,20,20,23,102.2,103.3,1995
Philadelphia 76ers,13,31,0.295,22.5,18,26,97.1,99.9,1995
Washington Bullets,11,30,0.268,23,12,29,99.8,106,1995
Charlotte Hornets*,28,16,0.636,NA,26,18,101.7,98.8,1995
Cleveland Cavaliers*,26,17,0.605,1.5,25,18,92.1,90.1,1995
Indiana Pacers*,25,17,0.595,2,23,19,98.5,97.1,1995
Chicago Bulls*,22,21,0.512,5.5,28,15,100.6,96.3,1995
Atlanta Hawks*,20,24,0.455,8,22,22,94.4,94.4,1995
Milwaukee Bucks,17,27,0.386,11,15,29,99.5,104,1995
Detroit Pistons,14,27,0.341,12.5,12,29,97.7,104.3,1995
Utah Jazz*,34,10,0.773,NA,35,9,107.4,97,1995
San Antonio Spurs*,27,14,0.659,5.5,26,15,106,102.1,1995
Houston Rockets*,26,15,0.634,6.5,25,16,100.5,97.6,1995
Denver Nuggets*,19,24,0.442,14.5,18,25,100.9,103.3,1995
Dallas Mavericks,17,25,0.405,16,16,26,101.9,105.4,1995
Minnesota Timberwolves,10,33,0.233,23.5,8,35,92,102.1,1995
Phoenix Suns*,35,9,0.795,NA,31,13,111.2,104.7,1995
Seattle SuperSonics*,29,11,0.725,4,30,10,110.4,102.5,1995
Los Angeles Lakers*,26,15,0.634,7.5,21,20,107.1,106.6,1995
Sacramento Kings,24,18,0.571,10,21,21,97.6,97.7,1995
Portland Trail Blazers*,22,20,0.524,12,28,14,103.8,99,1995
Golden State Warriors,12,29,0.293,21.5,15,26,104.1,108.4,1995
Los Angeles Clippers,7,37,0.159,28,8,36,93.5,104.4,1995
Orlando Magic*,31,13,0.705,NA,26,18,101.9,99,1996
New York Knicks*,28,15,0.651,2.5,26,17,98.3,95,1996
Washington Bullets,21,21,0.5,9,25,17,104.5,101.6,1996
Miami Heat*,20,25,0.444,11.5,20,25,93.2,94.5,1996
New Jersey Nets,17,26,0.395,13.5,17,26,93.7,96.9,1996
Boston Celtics,16,27,0.372,14.5,17,26,104.8,108.4,1996
Philadelphia 76ers,8,35,0.186,22.5,9,34,95.8,105.5,1996
Chicago Bulls*,40,3,0.93,NA,37,6,106.7,94.1,1996
Indiana Pacers*,29,15,0.659,11.5,28,16,99.9,95.8,1996
Atlanta Hawks*,24,19,0.558,16,23,20,99.2,98.3,1996
Cleveland Cavaliers*,23,20,0.535,17,23,20,91.7,91.1,1996
Detroit Pistons*,22,20,0.524,17.5,23,19,94.4,93.1,1996
Charlotte Hornets,21,22,0.488,19,22,21,103.5,103.5,1996
Milwaukee Bucks,16,26,0.381,23.5,15,27,94.8,98.5,1996
Toronto Raptors,12,31,0.279,28,13,30,96.3,102.2,1996
San Antonio Spurs*,28,13,0.683,NA,29,12,103,96.7,1996
Utah Jazz*,29,14,0.674,NA,30,13,103,97,1996
Houston Rockets*,30,16,0.652,0.5,30,16,103.1,98.6,1996
Denver Nuggets,18,26,0.409,11.5,17,27,98.1,101.7,1996
Dallas Mavericks,15,27,0.357,13.5,16,26,101.5,105.1,1996
Minnesota Timberwolves,11,30,0.268,17,14,27,98.8,103.4,1996
Vancouver Grizzlies,10,34,0.227,19.5,8,36,90.9,101,1996
Seattle SuperSonics*,32,12,0.727,NA,32,12,103.1,96.3,1996
Los Angeles Lakers*,25,18,0.581,6.5,24,19,102.3,100.6,1996
Sacramento Kings*,23,17,0.575,7,20,20,102.8,102.7,1996
Portland Trail Blazers*,21,23,0.477,11,23,21,100.9,100.3,1996
Phoenix Suns*,19,23,0.452,12,20,22,103.8,104.5,1996
Golden State Warriors,18,25,0.419,13.5,20,23,105.4,106.3,1996
Los Angeles Clippers,16,27,0.372,15.5,16,27,99,103,1996
Miami Heat*,33,12,0.733,NA,31,14,92.7,87.8,1997
New York Knicks*,32,13,0.711,1,28,17,94.6,91.1,1997
Orlando Magic*,21,20,0.512,10,16,25,90.5,93.1,1997
Washington Bullets*,22,22,0.5,10.5,23,21,97.7,96.9,1997
New Jersey Nets,12,31,0.279,20,12,31,95.3,101.7,1997
Philadelphia 76ers,11,34,0.244,22,13,32,97.8,104.4,1997
Boston Celtics,10,32,0.238,21.5,13,29,98.3,103.9,1997
Chicago Bulls*,40,5,0.889,NA,39,6,103.2,90.5,1997
Detroit Pistons*,33,11,0.75,6.5,34,10,93.6,85.8,1997
Atlanta Hawks*,30,13,0.698,9,30,13,92.9,87.2,1997
Charlotte Hornets*,26,19,0.578,14,21,24,95.3,96.2,1997
Cleveland Cavaliers,24,20,0.545,15.5,29,15,88.7,84.9,1997
Indiana Pacers,21,22,0.488,18,26,17,94.9,92.3,1997
Milwaukee Bucks,21,24,0.467,19,23,22,95.9,95.3,1997
Toronto Raptors,16,28,0.364,23.5,16,28,93.5,97.1,1997
Houston Rockets*,32,13,0.711,NA,29,16,100.1,95.9,1997
Utah Jazz*,31,14,0.689,1,32,13,99,92.8,1997
Minnesota Timberwolves*,21,24,0.467,11,19,26,94.8,97,1997
Dallas Mavericks,15,28,0.349,16,13,30,93.2,99,1997
Denver Nuggets,14,32,0.304,18.5,17,29,97.2,101.2,1997
San Antonio Spurs,11,31,0.262,19.5,12,30,88.3,94.4,1997
Vancouver Grizzlies,8,40,0.167,25.5,7,41,87.9,99.4,1997
Los Angeles Lakers*,33,12,0.733,NA,29,16,98.8,94.7,1997
Seattle SuperSonics*,32,13,0.711,1,35,10,102.3,93.9,1997
Portland Trail Blazers*,25,21,0.543,8.5,28,18,98.2,95.1,1997
Sacramento Kings,20,26,0.435,13.5,17,29,94.5,98,1997
Los Angeles Clippers*,18,25,0.419,14,17,26,94.1,96.9,1997
Golden State Warriors,17,28,0.378,16,17,28,99.8,103.7,1997
Phoenix Suns*,15,31,0.326,18.5,18,28,98.9,102,1997
Miami Heat*,27,17,0.614,NA,27,17,93.9,90.9,1998
New York Knicks*,25,19,0.568,2,29,15,92.5,88.2,1998
New Jersey Nets*,26,20,0.565,2,27,19,98.6,96.4,1998
Washington Wizards,23,23,0.5,5,25,21,97.5,96.3,1998
Boston Celtics,21,24,0.467,6.5,19,26,94.9,97.2,1998
Orlando Magic,21,25,0.457,7,17,29,89.8,93.1,1998
Philadelphia 76ers,14,29,0.326,12.5,17,26,93.6,96.7,1998
Indiana Pacers*,32,12,0.727,NA,32,12,95.3,88.8,1998
Chicago Bulls*,33,14,0.702,0.5,32,15,94.4,89.2,1998
Atlanta Hawks*,28,18,0.609,5,26,20,93.5,91.7,1998
Charlotte Hornets*,27,18,0.6,5.5,23,22,95.1,94.8,1998
Cleveland Cavaliers*,26,18,0.591,6,28,16,92.2,88.3,1998
Milwaukee Bucks,23,22,0.511,9.5,23,22,95.8,95.8,1998
Detroit Pistons,21,24,0.467,11.5,27,18,91.7,89.2,1998
Toronto Raptors,10,35,0.222,22.5,11,34,92.5,100.2,1998
San Antonio Spurs*,33,14,0.702,NA,31,16,93.3,89.1,1998
Utah Jazz*,30,14,0.682,1.5,30,14,98.8,93.6,1998
Minnesota Timberwolves*,25,19,0.568,6.5,24,20,102.1,100.5,1998
Houston Rockets*,21,23,0.477,10.5,22,22,100.3,100.1,1998
Vancouver Grizzlies,13,33,0.283,19.5,13,33,94.7,101.5,1998
Dallas Mavericks,8,36,0.182,23.5,11,33,89.8,97.4,1998
Denver Nuggets,4,40,0.091,27.5,7,37,89.2,100.9,1998
Seattle SuperSonics*,36,10,0.783,NA,36,10,101.6,93,1998
Los Angeles Lakers*,33,11,0.75,2,33,11,106.5,98.8,1998
Phoenix Suns*,29,14,0.674,5.5,28,15,98.6,94.6,1998
Portland Trail Blazers*,25,19,0.568,10,26,18,92.9,90.7,1998
Sacramento Kings,19,27,0.413,17,18,28,94.7,97.7,1998
Los Angeles Clippers,10,37,0.213,26.5,12,35,95.6,103.5,1998
Golden State Warriors,8,36,0.182,27,7,37,86.9,98.3,1998
Miami Heat*,15,5,0.75,NA,14,6,89.1,83.6,1999
Orlando Magic*,14,7,0.667,1.5,12,9,90,88.3,1999
Philadelphia 76ers*,11,8,0.579,3.5,13,6,89.3,84.5,1999
New York Knicks*,11,8,0.579,3.5,11,8,85.5,83.9,1999
Washington Wizards,8,11,0.421,6.5,8,11,90.6,93.2,1999
Boston Celtics,7,10,0.412,6.5,7,10,95.6,98.5,1999
New Jersey Nets,3,15,0.167,11,5,13,85.4,92.2,1999
Indiana Pacers*,13,5,0.722,NA,11,7,92.3,89.4,1999
Milwaukee Bucks*,12,5,0.706,0.5,11,6,90.9,86.6,1999
Detroit Pistons*,11,8,0.579,2.5,12,7,89.5,86,1999
Atlanta Hawks*,10,9,0.526,3.5,11,8,86.9,84.4,1999
Cleveland Cavaliers,8,9,0.471,4.5,9,8,87.5,86.7,1999
Toronto Raptors,6,11,0.353,6.5,7,10,89.2,92.1,1999
Charlotte Hornets,5,12,0.294,7.5,5,12,87.2,93.4,1999
Chicago Bulls,5,14,0.263,8.5,5,14,82.1,88.1,1999
Utah Jazz*,15,4,0.789,NA,15,4,95.5,86.9,1999
Minnesota Timberwolves*,12,7,0.632,3,13,6,94.9,90.5,1999
Houston Rockets*,12,8,0.6,3.5,10,10,91.7,91.7,1999
San Antonio Spurs*,11,8,0.579,4,13,6,90.8,85.6,1999
Dallas Mavericks,7,14,0.333,9,8,13,89.9,93.6,1999
Denver Nuggets,5,15,0.25,10.5,6,14,93.8,100.2,1999
Vancouver Grizzlies,4,16,0.2,11.5,4,16,92.5,101.4,1999
Portland Trail Blazers*,15,3,0.833,NA,15,3,97.3,87.7,1999
Los Angeles Lakers*,15,6,0.714,1.5,15,6,98.6,92.6,1999
Phoenix Suns*,10,9,0.526,5.5,9,10,95.8,95.8,1999
Seattle SuperSonics,10,9,0.526,5.5,9,10,90.7,90.8,1999
Golden State Warriors,9,10,0.474,6.5,7,12,88.6,91.5,1999
Sacramento Kings*,9,11,0.45,7,10,10,99.4,100,1999
Los Angeles Clippers,1,17,0.056,14,3,15,89.3,101.2,1999
Miami Heat*,27,16,0.628,NA,27,16,97.3,93.8,2000
New York Knicks*,26,17,0.605,1,24,19,92.9,91.3,2000
Philadelphia 76ers*,25,20,0.556,3,23,22,94,93.8,2000
Boston Celtics,20,24,0.455,7.5,19,25,96.7,98.6,2000
Orlando Magic,21,26,0.447,8,23,24,101.2,101.7,2000
New Jersey Nets,17,27,0.386,10.5,19,25,96.5,98.2,2000
Washington Wizards,14,31,0.311,14,16,29,95.9,100.4,2000
Indiana Pacers*,29,15,0.659,NA,31,13,102,95.9,2000
Toronto Raptors*,24,19,0.558,4.5,22,21,98.9,98.7,2000
Charlotte Hornets*,24,19,0.558,4.5,25,18,100,97.9,2000
Milwaukee Bucks*,25,20,0.556,4.5,24,21,103.2,102.2,2000
Detroit Pistons*,22,22,0.5,7,23,21,103.4,103,2000
Cleveland Cavaliers,19,26,0.422,10.5,18,27,97.9,101,2000
Atlanta Hawks,16,26,0.381,12,17,25,98.9,101.5,2000
Chicago Bulls,8,34,0.19,20,8,34,85.6,94.8,2000
San Antonio Spurs*,29,16,0.644,NA,33,12,95.9,89.2,2000
Utah Jazz*,27,16,0.628,1,28,15,95.7,91.3,2000
Minnesota Timberwolves*,25,17,0.595,2.5,23,19,97.4,95.8,2000
Denver Nuggets,20,22,0.476,7.5,18,24,97.6,100,2000
Houston Rockets,18,27,0.4,11,21,24,98.4,99.5,2000
Dallas Mavericks,17,27,0.386,11.5,19,25,101.4,103.1,2000
Vancouver Grizzlies,12,31,0.279,16,13,30,93.6,99.3,2000
Portland Trail Blazers*,34,10,0.773,NA,34,10,96.7,88.3,2000
Los Angeles Lakers*,34,11,0.756,0.5,34,11,98.8,91.5,2000
Seattle SuperSonics*,29,17,0.63,6,24,22,98.5,97.8,2000
Sacramento Kings*,27,16,0.628,6.5,25,18,105.4,102.8,2000
Phoenix Suns*,25,18,0.581,8.5,26,17,98.6,95.9,2000
Los Angeles Clippers,11,33,0.25,23,9,35,92,101.3,2000
Golden State Warriors,10,32,0.238,23,12,30,95.9,102.5,2000
Philadelphia 76ers*,35,11,0.761,NA,33,13,95,89,2001
New York Knicks*,26,17,0.605,7.5,27,16,87.3,84.2,2001
Miami Heat*,28,19,0.596,7.5,29,18,88.3,85.5,2001
Orlando Magic*,21,23,0.477,13,21,23,95.9,96.3,2001
Boston Celtics,19,26,0.422,15.5,18,27,93.5,96.5,2001
New Jersey Nets,14,33,0.298,21.5,14,33,90.2,95.6,2001
Washington Wizards,12,35,0.255,23.5,13,34,90.9,97.1,2001
Milwaukee Bucks*,27,17,0.614,NA,27,17,100.2,96.8,2001
Charlotte Hornets*,25,22,0.532,3.5,27,20,90.2,88.3,2001
Toronto Raptors*,24,22,0.522,4,25,21,96,94.9,2001
Cleveland Cavaliers,20,24,0.455,7,18,26,92.2,94.7,2001
Indiana Pacers*,20,25,0.444,7.5,22,23,91.4,91.7,2001
Detroit Pistons,17,29,0.37,11,17,29,95.5,99.4,2001
Atlanta Hawks,16,28,0.364,11,16,28,87.8,91.1,2001
Chicago Bulls,6,39,0.133,21.5,7,38,86.6,97.2,2001
Utah Jazz*,30,15,0.667,NA,30,15,96.8,91.9,2001
San Antonio Spurs*,28,15,0.651,1,31,12,95,88.6,2001
Minnesota Timberwolves*,30,18,0.625,1.5,27,21,96.5,94.9,2001
Dallas Mavericks*,29,18,0.617,2,30,17,99.3,95.6,2001
Denver Nuggets,26,20,0.565,4.5,22,24,99.2,99.7,2001
Houston Rockets,22,24,0.478,8.5,23,23,95.7,95.5,2001
Vancouver Grizzlies,12,33,0.267,18,13,32,91.9,97.8,2001
Sacramento Kings*,30,12,0.714,NA,32,10,100.9,93.3,2001
Portland Trail Blazers*,34,14,0.708,-1,32,16,94.9,90.2,2001
Los Angeles Lakers*,28,16,0.636,3,26,18,100.4,97.8,2001
Phoenix Suns*,26,19,0.578,5.5,26,19,93.9,91.6,2001
Seattle SuperSonics,27,22,0.551,6.5,24,25,98.5,98.5,2001
Golden State Warriors,14,31,0.311,17.5,14,31,95.4,100.8,2001
Los Angeles Clippers,14,33,0.298,18.5,16,31,89.8,94.2,2001
New Jersey Nets*,30,14,0.682,NA,29,15,96.3,91.8,2002
Boston Celtics*,26,20,0.565,5,26,20,95.9,94.2,2002
Washington Wizards,23,21,0.523,7,21,23,91.3,92.1,2002
Orlando Magic*,24,23,0.511,7.5,28,19,99.9,97.4,2002
Philadelphia 76ers*,23,22,0.511,7.5,25,20,90.1,88.6,2002
New York Knicks,18,26,0.409,12,17,27,90,93.3,2002
Miami Heat,17,28,0.378,13.5,17,28,85.9,88.9,2002
Milwaukee Bucks,27,17,0.614,NA,24,20,98.6,97.3,2002
Toronto Raptors*,27,19,0.587,1,24,22,92.9,92.2,2002
Detroit Pistons*,23,21,0.523,4,24,20,93.7,92.4,2002
Indiana Pacers*,25,23,0.521,4,24,24,96.2,96.2,2002
Charlotte Hornets*,22,23,0.489,5.5,21,24,93.6,94.2,2002
Cleveland Cavaliers,14,31,0.311,13.5,15,30,92.3,96.8,2002
Atlanta Hawks,14,32,0.304,14,12,34,93.7,101,2002
Chicago Bulls,9,35,0.205,18,9,35,85.3,94.3,2002
Dallas Mavericks*,33,13,0.717,NA,29,17,104.2,100.2,2002
Minnesota Timberwolves*,32,14,0.696,1,31,15,101,96,2002
San Antonio Spurs*,29,16,0.644,3.5,30,15,97,92.1,2002
Utah Jazz*,24,22,0.522,9,24,22,96.1,95.7,2002
Houston Rockets,15,32,0.319,18.5,17,30,92,96,2002
Denver Nuggets,13,31,0.295,19,14,30,93,98.3,2002
Memphis Grizzlies,13,33,0.283,20,11,35,90.9,98.5,2002
Sacramento Kings*,35,10,0.778,NA,34,11,104.7,96.4,2002
Los Angeles Lakers*,32,12,0.727,2.5,35,9,101.7,92.4,2002
Portland Trail Blazers*,24,20,0.545,10.5,26,18,95.5,93.2,2002
Los Angeles Clippers,24,23,0.511,12,24,23,96.2,96.2,2002
Seattle SuperSonics*,23,22,0.511,12,24,21,97.5,96.4,2002
Phoenix Suns,23,23,0.5,12.5,24,22,98.2,97.4,2002
Golden State Warriors,14,30,0.318,20.5,15,29,95.1,99.4,2002
New Jersey Nets*,32,15,0.681,NA,35,12,97,89.7,2003
Boston Celtics*,26,21,0.553,6,22,25,93.7,94.3,2003
Philadelphia 76ers*,25,22,0.532,7,25,22,94.6,93.9,2003
Orlando Magic*,24,24,0.5,8.5,22,26,97.6,98.8,2003
Washington Wizards,23,25,0.479,9.5,26,22,92.2,91.3,2003
New York Knicks,20,26,0.435,11.5,20,26,93.3,94.8,2003
Miami Heat,16,31,0.34,16,16,31,85.1,89.2,2003
Indiana Pacers*,34,14,0.708,NA,32,16,98.5,94,2003
Detroit Pistons*,31,15,0.674,2,31,15,90.7,86.1,2003
Milwaukee Bucks*,24,22,0.522,9,24,22,98.4,98,2003
New Orleans Hornets*,24,24,0.5,10,26,22,94.2,92.9,2003
Atlanta Hawks,18,29,0.383,15.5,17,30,93.3,97.4,2003
Chicago Bulls,17,30,0.362,16.5,16,31,93.4,97.7,2003
Toronto Raptors,12,34,0.261,21,12,34,88.5,95.5,2003
Cleveland Cavaliers,9,38,0.191,24.5,9,38,90.5,100.7,2003
Dallas Mavericks*,37,9,0.804,NA,37,9,102.7,92.6,2003
San Antonio Spurs*,31,16,0.66,6.5,31,16,93.4,89.2,2003
Utah Jazz*,28,19,0.596,9.5,31,16,96,91.6,2003
Minnesota Timberwolves*,27,20,0.574,10.5,25,22,96.7,96,2003
Houston Rockets,25,20,0.556,11.5,25,20,92.2,90.7,2003
Memphis Grizzlies,13,32,0.289,23.5,15,30,95.4,100.5,2003
Denver Nuggets,10,36,0.217,27,9,37,80.8,89.2,2003
Sacramento Kings*,33,15,0.688,NA,35,13,101,93.8,2003
Portland Trail Blazers*,29,16,0.644,2.5,26,19,93.8,91.7,2003
Phoenix Suns*,28,21,0.571,5.5,25,24,93.8,93.3,2003
Los Angeles Lakers*,22,23,0.489,9.5,24,21,97.6,96.8,2003
Seattle SuperSonics,21,24,0.467,10.5,22,23,91.5,92,2003
Golden State Warriors,20,26,0.435,12,22,24,99.3,100.1,2003
Los Angeles Clippers,17,29,0.37,15,17,29,92.1,95.5,2003
New Jersey Nets*,25,20,0.556,NA,26,19,88.9,86.9,2004
New York Knicks*,22,27,0.449,5,22,27,91,92.5,2004
Boston Celtics*,22,27,0.449,5,23,26,94.4,95.5,2004
Miami Heat*,21,27,0.438,5.5,20,28,86.6,88.9,2004
Philadelphia 76ers,20,28,0.417,6.5,22,26,88.9,89.9,2004
Washington Wizards,14,32,0.304,11.5,15,31,89.8,94.5,2004
Orlando Magic,13,36,0.265,14,16,33,94.6,99.9,2004
Indiana Pacers*,35,13,0.729,NA,33,15,89.7,84.9,2004
Detroit Pistons*,32,16,0.667,3,31,17,89.3,85.3,2004
Milwaukee Bucks*,26,21,0.553,8.5,26,21,95.6,93.9,2004
New Orleans Hornets*,26,21,0.553,8.5,24,23,91.3,91.2,2004
Toronto Raptors,21,24,0.467,12.5,18,27,84.8,87.3,2004
Cleveland Cavaliers,18,29,0.383,16.5,19,28,91.8,94.6,2004
Atlanta Hawks,15,33,0.313,20,14,34,88.4,94.1,2004
Chicago Bulls,13,35,0.271,22,13,35,89.5,96.4,2004
Minnesota Timberwolves*,33,13,0.717,NA,31,15,95.3,90.2,2004
San Antonio Spurs*,31,18,0.633,3.5,36,13,90,83.7,2004
Dallas Mavericks*,29,18,0.617,4.5,28,19,103.1,100,2004
Denver Nuggets*,28,21,0.571,6.5,28,21,97,95,2004
Houston Rockets*,26,20,0.565,7,29,17,87,84,2004
Memphis Grizzlies*,25,21,0.543,8,26,20,95.9,94.3,2004
Utah Jazz,24,23,0.511,9.5,23,24,90.8,91.2,2004
Sacramento Kings*,33,12,0.733,NA,33,12,104.7,97.3,2004
Los Angeles Lakers*,28,16,0.636,4.5,28,16,98.2,94,2004
Seattle SuperSonics,22,23,0.489,11,21,24,97.6,98.9,2004
Portland Trail Blazers,21,24,0.467,12,18,27,91.3,94,2004
Golden State Warriors,20,25,0.444,13,21,24,93.9,94.9,2004
Los Angeles Clippers,20,25,0.444,13,19,26,96.2,98.2,2004
Phoenix Suns,17,32,0.347,18,18,31,93,96.6,2004
Philadelphia 76ers*,21,23,0.477,NA,19,25,97.7,99.5,2005
Boston Celtics*,21,24,0.467,0.5,24,21,100.7,100,2005
New Jersey Nets*,19,26,0.422,2.5,15,30,89.4,93.7,2005
Toronto Raptors,18,27,0.4,3.5,20,25,98.6,100,2005
New York Knicks,18,27,0.4,3.5,17,28,94.7,98.3,2005
Detroit Pistons*,27,18,0.6,NA,27,18,90.8,88.4,2005
Cleveland Cavaliers,26,18,0.591,0.5,27,17,97.8,94.7,2005
Chicago Bulls*,22,21,0.512,4,22,21,92.3,92,2005
Indiana Pacers*,20,23,0.465,6,19,24,92.5,94.3,2005
Milwaukee Bucks,16,27,0.372,10,17,26,95.7,98.9,2005
Miami Heat*,33,14,0.702,NA,32,15,101.8,96.6,2005
Washington Wizards*,26,18,0.591,5.5,23,21,102.1,101.7,2005
Orlando Magic,25,20,0.556,7,22,23,99.9,99.9,2005
Charlotte Bobcats,10,32,0.238,20.5,13,29,93.9,99.7,2005
Atlanta Hawks,9,34,0.209,22,9,34,90.3,99.2,2005
Seattle SuperSonics*,31,13,0.705,NA,28,16,100.7,96.6,2005
Minnesota Timberwolves,24,21,0.533,7.5,26,19,97.4,95.3,2005
Denver Nuggets*,20,25,0.444,11.5,19,26,95.1,97.3,2005
Portland Trail Blazers,17,26,0.395,13.5,17,26,92.9,95.8,2005
Utah Jazz,15,31,0.326,17,16,30,94.7,98.7,2005
Phoenix Suns*,36,11,0.766,NA,35,12,109.4,101.2,2005
Sacramento Kings*,30,14,0.682,4.5,27,17,101.7,98.1,2005
Los Angeles Lakers,24,19,0.558,10,22,21,98,97.8,2005
Los Angeles Clippers,22,23,0.489,13,23,22,94.6,94.4,2005
Golden State Warriors,12,32,0.273,22.5,13,31,93.4,99.2,2005
San Antonio Spurs*,37,10,0.787,NA,40,7,97,86,2005
Dallas Mavericks*,29,14,0.674,6,30,13,102,96.4,2005
Memphis Grizzlies*,27,20,0.574,10,29,18,94.4,91,2005
Houston Rockets*,25,21,0.543,11.5,24,22,92,91.4,2005
New Orleans Hornets,8,36,0.182,27.5,10,34,87.1,94.9,2005
New Jersey Nets*,23,21,0.523,NA,22,22,94.6,94.7,2006
Philadelphia 76ers,23,22,0.511,0.5,21,24,101,101.8,2006
Boston Celtics,18,28,0.391,6,20,26,97.6,99.7,2006
Toronto Raptors,16,30,0.348,8,17,29,99.8,103.5,2006
New York Knicks,14,30,0.318,9,15,29,97,102,2006
Detroit Pistons*,38,6,0.864,NA,35,9,99.3,90.2,2006
Cleveland Cavaliers*,27,17,0.614,11,28,16,99.2,95,2006
Milwaukee Bucks*,23,22,0.511,15.5,19,26,96.5,98.6,2006
Indiana Pacers*,22,22,0.5,16,25,19,93,91.2,2006
Chicago Bulls*,20,25,0.444,18.5,22,23,96.8,97.1,2006
Miami Heat*,28,18,0.609,NA,29,17,100.2,96.2,2006
Washington Wizards*,21,23,0.477,6,22,22,99.7,99.3,2006
Orlando Magic,18,25,0.419,8.5,18,25,93.3,95.8,2006
Atlanta Hawks,13,31,0.295,14,14,30,95.9,101.5,2006
Charlotte Bobcats,11,36,0.234,17.5,15,32,94.5,100,2006
Denver Nuggets*,25,23,0.521,NA,25,23,99.4,99,2006
Utah Jazz,22,24,0.478,2,18,28,89.9,92.8,2006
Minnesota Timberwolves,21,23,0.477,2,22,22,91.3,91,2006
Seattle SuperSonics,19,26,0.422,4.5,17,28,102.8,106.7,2006
Portland Trail Blazers,16,28,0.364,7,12,32,89.1,95.8,2006
Phoenix Suns*,30,16,0.652,NA,32,14,106.6,100.7,2006
Los Angeles Clippers*,26,17,0.605,2.5,25,18,97.9,95.3,2006
Los Angeles Lakers*,24,21,0.533,5.5,26,19,98.7,96.8,2006
Golden State Warriors,20,24,0.455,9,21,23,99.3,99.9,2006
Sacramento Kings*,19,26,0.422,10.5,21,24,99.1,100.2,2006
San Antonio Spurs*,36,10,0.783,NA,34,12,94.4,87.5,2006
Dallas Mavericks*,36,10,0.783,NA,33,13,99.5,93.4,2006
Memphis Grizzlies*,26,19,0.578,9.5,28,17,89.9,87,2006
New Orleans/Oklahoma City Hornets,23,22,0.511,12.5,20,25,91.6,92.8,2006
Houston Rockets,16,29,0.356,19.5,19,26,89.5,91.8,2006
Toronto Raptors*,23,23,0.5,NA,22,24,97.7,98.2,2007
New Jersey Nets*,22,24,0.478,1,22,24,97.8,98.3,2007
New York Knicks,20,28,0.417,4,20,28,100,102.4,2007
Philadelphia 76ers,15,32,0.319,8.5,16,31,95.1,99.5,2007
Boston Celtics,12,33,0.267,10.5,18,27,96.7,99.9,2007
Detroit Pistons*,26,18,0.591,NA,27,17,97,93.9,2007
Chicago Bulls*,26,20,0.565,1,30,16,98.9,94.3,2007
Cleveland Cavaliers*,26,20,0.565,1,26,20,96.1,94.6,2007
Indiana Pacers,24,21,0.533,2.5,22,23,96,96.4,2007
Milwaukee Bucks,18,28,0.391,9,17,29,99.5,103.3,2007
Washington Wizards*,27,18,0.6,NA,24,21,107.1,106,2007
Orlando Magic*,24,22,0.522,3.5,25,21,93.3,92.4,2007
Miami Heat*,21,25,0.457,6.5,18,28,95.9,99,2007
Atlanta Hawks,17,27,0.386,9.5,15,29,92.1,96.4,2007
Charlotte Bobcats,17,28,0.378,10,15,30,95.4,100,2007
Utah Jazz*,30,17,0.638,NA,27,20,102.3,99.9,2007
Denver Nuggets*,22,21,0.512,6,24,19,105.5,103.8,2007
Minnesota Timberwolves,22,23,0.489,7,22,23,96.5,97.1,2007
Portland Trail Blazers,20,27,0.426,10,16,31,93.3,97.6,2007
Seattle SuperSonics,17,29,0.37,12.5,19,27,99.7,102.5,2007
Phoenix Suns*,37,9,0.804,NA,35,11,111.4,102.4,2007
Los Angeles Lakers*,28,18,0.609,9,25,21,104.3,102.8,2007
Los Angeles Clippers,23,22,0.511,13.5,22,23,96.8,97.3,2007
Golden State Warriors*,21,25,0.457,16,20,26,105.7,107.3,2007
Sacramento Kings,18,26,0.409,18,20,24,100.2,101.2,2007
Dallas Mavericks*,38,9,0.809,NA,34,13,100.2,93.2,2007
San Antonio Spurs*,32,16,0.667,6.5,36,12,98.2,91.1,2007
Houston Rockets*,29,16,0.644,8,32,13,96.5,90.6,2007
New Orleans/Oklahoma City Hornets,19,26,0.422,18,17,28,90.6,94,2007
Memphis Grizzlies,12,35,0.255,26,16,31,100.5,105.3,2007
Boston Celtics*,36,8,0.818,NA,37,7,99.3,88.2,2008
Toronto Raptors*,25,21,0.543,12,28,18,98.6,95.7,2008
New Jersey Nets,20,26,0.435,17,14,32,93.7,99.2,2008
Philadelphia 76ers*,18,29,0.383,19.5,20,27,94.1,96.1,2008
New York Knicks,14,32,0.304,23,13,33,94.6,100.7,2008
Detroit Pistons*,33,13,0.717,NA,34,12,97.7,90.4,2008
Cleveland Cavaliers*,25,20,0.556,7.5,21,24,96.9,97.9,2008
Indiana Pacers,19,28,0.404,14.5,20,27,103.2,105.1,2008
Chicago Bulls,18,27,0.4,14.5,18,27,93.9,96.9,2008
Milwaukee Bucks,18,29,0.383,15.5,13,34,94.2,101,2008
Orlando Magic*,30,18,0.625,NA,30,18,103.4,100,2008
Washington Wizards*,24,21,0.533,4.5,24,21,98.7,97.8,2008
Atlanta Hawks*,19,24,0.442,8.5,19,24,94.7,96.3,2008
Charlotte Bobcats,18,29,0.383,11.5,16,31,95.3,99.6,2008
Miami Heat,9,37,0.196,20,12,34,93,100.1,2008
Utah Jazz*,29,18,0.617,NA,32,15,105,99.5,2008
Denver Nuggets*,27,18,0.6,1,26,19,106.1,103.9,2008
Portland Trail Blazers,27,19,0.587,1.5,24,22,96.2,95.3,2008
Seattle SuperSonics,11,35,0.239,17.5,12,34,96.7,104.3,2008
Minnesota Timberwolves,10,36,0.217,18.5,12,34,94,101.3,2008
Phoenix Suns*,33,14,0.702,NA,32,15,109.2,103.3,2008
Los Angeles Lakers*,29,16,0.644,3,31,14,107.2,101.5,2008
Golden State Warriors,29,19,0.604,4.5,28,20,109.6,107.1,2008
Sacramento Kings,21,24,0.467,11,19,26,100.3,102.3,2008
Los Angeles Clippers,14,29,0.326,17,14,29,94.3,99.1,2008
New Orleans Hornets*,32,14,0.696,NA,33,13,99.5,93.4,2008
Dallas Mavericks*,31,14,0.689,0.5,30,15,100.9,96,2008
San Antonio Spurs*,29,16,0.644,2.5,30,15,96,91.5,2008
Houston Rockets*,26,20,0.565,6,26,20,95.9,93.8,2008
Memphis Grizzlies,13,33,0.283,19,16,30,101.1,105.5,2008
Boston Celtics*,40,9,0.816,NA,40,9,101.3,91.4,2009
Philadelphia 76ers*,23,23,0.5,15.5,24,22,96.4,95.8,2009
New York Knicks,21,25,0.457,17.5,20,26,104.1,106.1,2009
New Jersey Nets,21,27,0.438,18.5,19,29,97.9,101,2009
Toronto Raptors,19,30,0.388,21,20,29,97.5,100,2009
Cleveland Cavaliers*,37,9,0.804,NA,38,8,100.9,90.7,2009
Detroit Pistons*,25,21,0.543,12,23,23,92.9,93.2,2009
Milwaukee Bucks,24,27,0.471,15.5,26,25,98.3,98.1,2009
Chicago Bulls*,21,27,0.438,17,20,28,99.9,102,2009
Indiana Pacers,19,29,0.396,19,20,28,104.7,107,2009
Orlando Magic*,36,10,0.783,NA,35,11,102.6,94,2009
Atlanta Hawks*,27,20,0.574,9.5,26,21,98.7,97,2009
Miami Heat*,25,21,0.543,11,23,23,96.5,96.4,2009
Charlotte Bobcats,19,28,0.404,17.5,20,27,92,94,2009
Washington Wizards,10,37,0.213,26.5,13,34,94.1,101.1,2009
Denver Nuggets*,31,16,0.66,NA,30,17,104.1,100.3,2009
Portland Trail Blazers*,29,17,0.63,1.5,29,17,98.7,94.7,2009
Utah Jazz*,26,22,0.542,5.5,28,20,102,99.9,2009
Minnesota Timberwolves,16,30,0.348,14.5,18,28,98.8,102.2,2009
Oklahoma City Thunder,11,37,0.229,20.5,14,34,96.8,103,2009
Los Angeles Lakers*,37,9,0.804,NA,35,11,108.3,99.6,2009
Phoenix Suns,25,20,0.556,11.5,23,22,104,103.4,2009
Golden State Warriors,15,33,0.313,23,17,31,106.4,111.2,2009
Sacramento Kings,11,38,0.224,27.5,11,38,99.3,108.4,2009
Los Angeles Clippers,10,37,0.213,27.5,11,36,92.9,101,2009
San Antonio Spurs*,32,14,0.696,NA,28,18,97.4,94.1,2009
New Orleans Hornets*,28,16,0.636,3,27,17,96,92.9,2009
Houston Rockets*,29,19,0.604,4,29,19,97.9,95.1,2009
Dallas Mavericks*,27,19,0.587,5,25,21,100.5,99.2,2009
Memphis Grizzlies,11,35,0.239,21,12,34,92.9,100,2009
Boston Celtics*,30,16,0.652,NA,32,14,99.1,93.7,2010
Toronto Raptors,26,22,0.542,5,23,25,104.1,104.8,2010
New York Knicks,18,29,0.383,12.5,19,28,100.8,103.3,2010
Philadelphia 76ers,16,31,0.34,14.5,19,28,97.2,100,2010
New Jersey Nets,4,42,0.087,26,7,39,89.7,101.7,2010
Cleveland Cavaliers*,38,11,0.776,NA,36,13,101,93.9,2010
Chicago Bulls*,23,22,0.511,13,19,26,95.6,97.9,2010
Milwaukee Bucks*,21,25,0.457,15.5,23,23,98.5,98.5,2010
Indiana Pacers,16,32,0.333,21.5,15,33,98.6,104.4,2010
Detroit Pistons,15,31,0.326,21.5,14,32,91.5,96.8,2010
Orlando Magic*,32,16,0.667,NA,32,16,100.9,95.8,2010
Atlanta Hawks*,30,16,0.652,1,31,15,102.2,97.3,2010
Charlotte Bobcats*,24,23,0.511,7.5,25,22,95,93.9,2010
Miami Heat*,24,24,0.5,8,25,23,96.8,96.4,2010
Washington Wizards,16,31,0.34,15.5,17,30,98,102,2010
Denver Nuggets*,33,15,0.688,NA,32,16,107,101.6,2010
Utah Jazz*,29,18,0.617,3.5,31,16,101.9,97.2,2010
Portland Trail Blazers*,29,21,0.58,5,31,19,97.9,94.8,2010
Oklahoma City Thunder*,26,21,0.553,6.5,28,19,98.3,95.7,2010
Minnesota Timberwolves,11,38,0.224,22.5,11,38,97.6,106.7,2010
Los Angeles Lakers*,37,12,0.755,NA,35,14,103.4,96.6,2010
Phoenix Suns*,29,21,0.58,8.5,29,21,110,107.8,2010
Los Angeles Clippers,20,27,0.426,16,18,29,95.7,99.3,2010
Sacramento Kings,16,31,0.34,20,17,30,101.3,105.2,2010
Golden State Warriors,13,33,0.283,22.5,17,29,107.4,111.3,2010
Dallas Mavericks*,30,18,0.625,NA,28,20,100.6,98.2,2010
San Antonio Spurs*,27,19,0.587,2,30,16,100.8,96.2,2010
Memphis Grizzlies,26,21,0.553,3.5,24,23,103.4,103.3,2010
New Orleans Hornets,26,22,0.542,4,22,26,99.9,101.1,2010
Houston Rockets,25,22,0.532,4.5,24,23,100.9,100.9,2010
Boston Celtics*,37,11,0.771,NA,36,12,98.8,91.5,2011
New York Knicks*,25,22,0.532,11.5,25,22,106.7,106,2011
Philadelphia 76ers*,21,26,0.447,15.5,24,23,97.6,97.3,2011
New Jersey Nets,15,34,0.306,22.5,15,34,92.9,98.5,2011
Toronto Raptors,13,36,0.265,24.5,15,34,99.2,105.1,2011
Chicago Bulls*,33,14,0.702,NA,33,14,98.1,92,2011
Milwaukee Bucks,19,27,0.413,13.5,21,25,91.9,93.1,2011
Indiana Pacers*,18,27,0.4,14,21,24,97.9,99.1,2011
Detroit Pistons,17,31,0.354,16.5,17,31,95,99.4,2011
Cleveland Cavaliers,8,40,0.167,25.5,8,40,93.4,105.2,2011
Miami Heat*,34,14,0.708,NA,36,12,101.6,93.9,2011
Orlando Magic*,31,18,0.633,3.5,34,15,100.3,94.7,2011
Atlanta Hawks*,30,18,0.625,4,27,21,97.3,95.5,2011
Charlotte Bobcats,20,27,0.426,13.5,18,29,93.4,96.7,2011
Washington Wizards,13,35,0.271,21,14,34,96.9,103.2,2011
Oklahoma City Thunder*,30,17,0.638,NA,26,21,104.2,102.7,2011
Utah Jazz,29,20,0.592,2,25,24,99.4,99.2,2011
Denver Nuggets*,28,20,0.583,2.5,29,19,107.5,104.6,2011
Portland Trail Blazers*,26,22,0.542,4.5,25,23,95.5,94.9,2011
Minnesota Timberwolves,11,36,0.234,19,16,31,103.2,108.6,2011
Los Angeles Lakers*,34,15,0.694,NA,35,14,103.7,96.8,2011
Phoenix Suns,22,24,0.478,10.5,21,25,105.4,106.9,2011
Golden State Warriors,20,27,0.426,13,19,28,103.3,106.5,2011
Los Angeles Clippers,19,28,0.404,14,20,27,99.5,101.4,2011
Sacramento Kings,12,34,0.261,20.5,16,30,97.1,101.8,2011
San Antonio Spurs*,40,8,0.833,NA,35,13,104,96.9,2011
Dallas Mavericks*,32,15,0.681,7.5,28,19,97.2,94.5,2011
New Orleans Hornets*,32,18,0.64,9,31,19,94.9,91.6,2011
Memphis Grizzlies*,25,24,0.51,15.5,26,23,99.4,98.4,2011
Houston Rockets,22,28,0.44,19,25,25,105.1,105.1,2011
Philadelphia 76ers*,16,6,0.727,NA,19,3,97.5,85.9,2012
Boston Celtics*,11,10,0.524,4.5,13,8,90.3,86.9,2012
New York Knicks*,8,13,0.381,7.5,10,11,94.6,95.1,2012
New Jersey Nets,8,15,0.348,8.5,6,17,92.2,98.8,2012
Toronto Raptors,7,16,0.304,9.5,5,18,86,93.5,2012
Chicago Bulls*,18,6,0.75,NA,19,5,96.3,87.9,2012
Indiana Pacers*,15,6,0.714,1.5,13,8,94.5,91.2,2012
Milwaukee Bucks,10,11,0.476,6.5,11,10,94.8,94.7,2012
Cleveland Cavaliers,8,12,0.4,8,8,12,93.6,96.9,2012
Detroit Pistons,4,20,0.167,14,4,20,86.1,96.9,2012
Miami Heat*,16,6,0.727,NA,16,6,103.7,96.6,2012
Atlanta Hawks*,16,6,0.727,NA,16,6,97.6,90.6,2012
Orlando Magic*,13,9,0.591,3,12,10,92,91.4,2012
Washington Wizards,4,18,0.182,12,4,18,89.5,98.7,2012
Charlotte Bobcats,3,20,0.13,13.5,3,20,87.3,101.3,2012
Oklahoma City Thunder*,17,4,0.81,NA,14,7,100.1,94.6,2012
Denver Nuggets*,14,7,0.667,3,15,6,105.4,99.2,2012
Utah Jazz*,12,8,0.6,4.5,11,9,97.2,96.2,2012
Portland Trail Blazers,13,9,0.591,4.5,16,6,97.6,91.3,2012
Minnesota Timberwolves,10,12,0.455,7.5,12,10,96.7,95.5,2012
Los Angeles Clippers*,13,6,0.684,NA,11,8,99,97,2012
Los Angeles Lakers*,13,9,0.591,1.5,13,9,93.6,90.6,2012
Phoenix Suns,8,13,0.381,6,8,13,93,96.7,2012
Golden State Warriors,7,12,0.368,6,7,12,96.2,99.2,2012
Sacramento Kings,6,15,0.286,8,3,18,90.6,101.9,2012
San Antonio Spurs*,14,9,0.609,NA,14,9,97.9,94.4,2012
Dallas Mavericks*,14,9,0.609,NA,14,9,94.3,90.8,2012
Houston Rockets,12,10,0.545,1.5,12,10,98.3,97,2012
Memphis Grizzlies*,11,10,0.524,2,12,9,93.6,92.3,2012
New Orleans Hornets,4,18,0.182,9.5,7,15,88.1,93.4,2012
New York Knicks*,29,15,0.659,NA,29,15,100.6,96,2013
Brooklyn Nets*,28,19,0.596,2.5,26,21,95.8,94.5,2013
Boston Celtics*,23,23,0.5,7,22,24,95.3,95.9,2013
Philadelphia 76ers,20,26,0.435,10,18,28,93.3,96.5,2013
Toronto Raptors,17,30,0.362,13.5,21,26,97.8,99.3,2013
Chicago Bulls*,28,18,0.609,NA,27,19,93.5,90.9,2013
Indiana Pacers*,28,19,0.596,0.5,27,20,92,89.9,2013
Milwaukee Bucks*,24,21,0.533,3.5,22,23,97.5,98.1,2013
Detroit Pistons,18,29,0.383,10.5,21,26,95,96.7,2013
Cleveland Cavaliers,13,34,0.277,15.5,15,32,95.6,101,2013
Miami Heat*,29,14,0.674,NA,30,13,102.4,96.8,2013
Atlanta Hawks*,26,19,0.578,4,24,21,96.7,96,2013
Orlando Magic,14,32,0.304,16.5,16,30,94.8,99.2,2013
Washington Wizards,11,34,0.244,19,15,30,90.9,95.9,2013
Charlotte Bobcats,11,34,0.244,19,10,35,94.5,102.9,2013
Oklahoma City Thunder*,35,11,0.761,NA,35,11,105.7,97.1,2013
Denver Nuggets*,30,18,0.625,6,29,19,104,100.7,2013
Utah Jazz,26,21,0.553,9.5,22,25,98,98.8,2013
Portland Trail Blazers,23,23,0.5,12,20,26,96.6,98.6,2013
Minnesota Timberwolves,17,26,0.395,16.5,18,25,94.7,97.1,2013
Los Angeles Clippers*,34,14,0.708,NA,35,13,100.3,93.4,2013
Golden State Warriors*,29,17,0.63,4,25,21,100.9,99.6,2013
Los Angeles Lakers*,21,26,0.447,12.5,26,21,102.4,100.9,2013
Sacramento Kings,17,31,0.354,17,14,34,96.2,102.8,2013
Phoenix Suns,16,31,0.34,17.5,17,30,95.6,99.7,2013
San Antonio Spurs*,37,11,0.771,NA,37,11,104.3,95.9,2013
Memphis Grizzlies*,30,16,0.652,6,29,17,93.1,89.5,2013
Houston Rockets*,25,23,0.521,12,28,20,105,102.7,2013
Dallas Mavericks,20,27,0.426,16.5,20,27,100.7,102.9,2013
New Orleans Hornets,15,32,0.319,21.5,17,30,93.7,97.8,2013
Toronto Raptors*,25,22,0.532,NA,28,19,99.4,96.7,2014
Brooklyn Nets*,20,25,0.444,4,18,27,97.3,100.2,2014
New York Knicks,19,28,0.404,6,20,27,96.9,99,2014
Philadelphia 76ers,15,33,0.313,10.5,11,37,101,109.9,2014
Boston Celtics,15,33,0.313,10.5,17,31,94.6,98.9,2014
Indiana Pacers*,36,10,0.783,NA,35,11,98.6,90.6,2014
Chicago Bulls*,23,23,0.5,13,23,23,92.5,92.7,2014
Detroit Pistons,19,27,0.413,17,19,27,100,102.7,2014
Cleveland Cavaliers,16,31,0.34,20.5,14,33,95.8,101.7,2014
Milwaukee Bucks,8,39,0.17,28.5,9,38,91.9,101.7,2014
Miami Heat*,33,13,0.717,NA,31,15,104.1,98.7,2014
Atlanta Hawks*,25,21,0.543,8,26,20,103.1,101.5,2014
Washington Wizards*,23,23,0.5,10,22,24,98.7,99,2014
Charlotte Bobcats*,21,28,0.429,13.5,19,30,94.4,97.4,2014
Orlando Magic,13,35,0.271,21,15,33,96.4,102.1,2014
Oklahoma City Thunder*,38,11,0.776,NA,36,13,105.4,97.8,2014
Portland Trail Blazers*,34,13,0.723,3,31,16,108.3,103.4,2014
Minnesota Timberwolves,23,24,0.489,14,30,17,105.9,101.6,2014
Denver Nuggets,22,23,0.489,14,23,22,103.6,103,2014
Utah Jazz,16,31,0.34,21,14,33,94.7,101,2014
Los Angeles Clippers*,34,16,0.68,NA,34,16,105.9,100.1,2014
Phoenix Suns,29,18,0.617,3.5,29,18,104.9,101.3,2014
Golden State Warriors*,29,19,0.604,4,31,17,103.5,99,2014
Los Angeles Lakers,16,31,0.34,16.5,15,32,100.6,106.1,2014
Sacramento Kings,15,32,0.319,17.5,19,28,101.7,104.6,2014
San Antonio Spurs*,34,13,0.723,NA,34,13,103.8,96.8,2014
Houston Rockets*,32,17,0.653,3,30,19,105.1,101.4,2014
Memphis Grizzlies*,26,20,0.565,7.5,24,22,95.9,95.2,2014
Dallas Mavericks*,27,21,0.563,7.5,26,22,104.2,102.8,2014
New Orleans Pelicans,20,26,0.435,13.5,21,25,100,101.5,2014
Toronto Raptors*,33,15,0.688,NA,32,16,106.8,101.4,2015
Brooklyn Nets*,18,28,0.391,14,17,29,95.7,99.6,2015
Boston Celtics*,16,30,0.348,16,20,26,100.9,103,2015
New York Knicks,10,38,0.208,23,12,36,92.7,100.2,2015
Philadelphia 76ers,10,38,0.208,23,7,41,89.6,101.2,2015
Chicago Bulls*,30,19,0.612,NA,28,21,102.1,99.9,2015
Cleveland Cavaliers*,29,20,0.592,1,29,20,101.8,99.4,2015
Milwaukee Bucks*,25,22,0.532,4,26,21,98.7,97,2015
Detroit Pistons,18,30,0.375,11.5,20,28,97.9,100,2015
Indiana Pacers,17,32,0.347,13,21,28,95,97,2015
Atlanta Hawks*,40,8,0.833,NA,35,13,103.4,96.1,2015
Washington Wizards*,31,17,0.646,9,27,21,100.2,98.2,2015
Miami Heat,21,26,0.447,18.5,18,29,92.4,95.9,2015
Charlotte Hornets,20,27,0.426,19.5,20,27,94.8,97.1,2015
Orlando Magic,15,35,0.3,26,14,36,95.8,102.1,2015
Portland Trail Blazers*,32,16,0.667,NA,32,16,102.4,97.3,2015
Oklahoma City Thunder,23,24,0.489,8.5,25,22,99.1,98.3,2015
Denver Nuggets,19,29,0.396,13,19,29,100.6,104,2015
Utah Jazz,17,30,0.362,14.5,19,28,95.9,98.4,2015
Minnesota Timberwolves,8,39,0.17,23.5,10,37,97.3,106.9,2015
Golden State Warriors*,37,8,0.822,NA,37,8,110.8,99.6,2015
Los Angeles Clippers*,33,15,0.688,5.5,35,13,106.9,99.7,2015
Phoenix Suns,28,21,0.571,11,27,22,106.8,104.9,2015
Sacramento Kings,17,29,0.37,20.5,18,28,101.4,104.3,2015
Los Angeles Lakers,13,35,0.271,25.5,14,34,99.2,105.9,2015
Memphis Grizzlies*,35,12,0.745,NA,32,15,101.3,96,2015
Houston Rockets*,33,15,0.688,2.5,30,18,102.7,99,2015
Dallas Mavericks*,32,17,0.653,4,34,15,106.9,101.1,2015
San Antonio Spurs*,30,18,0.625,5.5,30,18,101,97.3,2015
New Orleans Pelicans*,25,22,0.532,10,25,22,100.2,99.1,2015
Cleveland Cavaliers*,35,12,0.745,NA,33,14,102.4,96.5,2016
Toronto Raptors*,32,16,0.667,3.5,31,17,101.4,97,2016
Miami Heat*,27,21,0.563,8.5,25,23,95.9,95.6,2016
Atlanta Hawks*,28,22,0.56,8.5,28,22,101.8,99.9,2016
Chicago Bulls,26,21,0.553,9,24,23,101.3,101,2016
Boston Celtics*,27,22,0.551,9,31,18,104.8,100.7,2016
Detroit Pistons*,26,23,0.531,10,27,22,102.1,100.6,2016
Indiana Pacers*,25,23,0.521,10.5,28,20,102.7,100.1,2016
Charlotte Hornets*,23,25,0.479,12.5,24,24,101.6,101.3,2016
New York Knicks,23,27,0.46,13.5,22,28,99.4,101.2,2016
Washington Wizards,21,25,0.457,13.5,19,27,102.2,105,2016
Orlando Magic,21,26,0.447,14,21,26,99,100.4,2016
Milwaukee Bucks,20,30,0.4,16.5,17,33,98.2,103.2,2016
Brooklyn Nets,12,37,0.245,24,13,36,95.5,103,2016
Philadelphia 76ers,7,41,0.146,28.5,9,39,94.9,105.1,2016
Golden State Warriors*,44,4,0.917,NA,40,8,115,102.3,2016
San Antonio Spurs*,40,8,0.833,4,42,6,104.5,91.2,2016
Oklahoma City Thunder*,37,13,0.74,8,37,13,109.5,101.4,2016
Los Angeles Clippers*,32,16,0.667,12,30,18,104.3,100.3,2016
Memphis Grizzlies*,29,20,0.592,15.5,22,27,97.7,99,2016
Dallas Mavericks*,28,23,0.549,17.5,25,26,100.6,101,2016
Houston Rockets*,25,25,0.5,20,23,27,105.1,106.6,2016
Portland Trail Blazers*,23,26,0.469,21.5,24,25,102,102.3,2016
Utah Jazz,22,25,0.468,21.5,26,21,97.9,96.7,2016
Sacramento Kings,21,27,0.438,23,22,26,106.7,108.1,2016
Denver Nuggets,19,30,0.388,25.5,19,30,100.4,104,2016
New Orleans Pelicans,18,29,0.383,25.5,20,27,102.6,105.1,2016
Minnesota Timberwolves,14,35,0.286,30.5,18,31,99.4,103.4,2016
Phoenix Suns,14,35,0.286,30.5,15,34,100.6,106.5,2016
Los Angeles Lakers,9,41,0.18,36,10,40,95.8,106.2,2016
Cleveland Cavaliers*,33,15,0.688,NA,32,16,110,104.9,2017
Boston Celtics*,31,18,0.633,2.5,29,20,108.2,105.7,2017
Toronto Raptors*,30,20,0.6,4,33,17,109.5,104.7,2017
Washington Wizards*,28,20,0.583,5,27,21,106.9,105,2017
Atlanta Hawks*,28,21,0.571,5.5,23,26,103.6,104.2,2017
Indiana Pacers*,26,22,0.542,7,23,25,105.8,106.3,2017
Chicago Bulls*,25,25,0.5,9,26,24,102.1,101.6,2017
Charlotte Hornets,23,27,0.46,11,27,23,105.2,104.3,2017
Detroit Pistons,22,27,0.449,11.5,23,26,101.1,101.8,2017
Milwaukee Bucks*,21,27,0.438,12,24,24,104.4,104.6,2017
New York Knicks,22,29,0.431,12.5,21,30,105.8,108.5,2017
Miami Heat,20,30,0.4,14,22,28,99.9,101.9,2017
Philadelphia 76ers,18,30,0.375,15,16,32,100.8,106.1,2017
Orlando Magic,19,32,0.373,15.5,16,35,99.9,105.5,2017
Brooklyn Nets,9,40,0.184,24.5,12,37,105.5,114.6,2017
Golden State Warriors*,42,7,0.857,NA,41,8,118.1,105,2017
San Antonio Spurs*,37,11,0.771,4.5,36,12,107.5,99.2,2017
Houston Rockets*,36,16,0.692,7.5,36,16,114.1,108,2017
Los Angeles Clippers*,31,18,0.633,11,31,18,108.2,104.1,2017
Utah Jazz*,31,19,0.62,11.5,32,18,99.4,95.3,2017
Memphis Grizzlies*,30,21,0.588,13,27,24,100.6,99.5,2017
Oklahoma City Thunder*,28,22,0.56,14.5,25,25,105.7,105.7,2017
Portland Trail Blazers*,22,28,0.44,20.5,21,29,107.8,110,2017
Denver Nuggets,21,27,0.438,20.5,22,26,110.2,111.5,2017
Sacramento Kings,19,30,0.388,23,19,30,103,106.1,2017
Dallas Mavericks,19,30,0.388,23,20,29,97.4,100,2017
Minnesota Timberwolves,19,30,0.388,23,23,26,104,105.1,2017
New Orleans Pelicans,19,31,0.38,23.5,20,30,103.4,106.5,2017
Los Angeles Lakers,17,34,0.333,26,16,35,104,110.2,2017
Phoenix Suns,15,34,0.306,27,16,33,106.5,112.3,2017
Boston Celtics*,37,15,0.712,NA,34,18,103.1,98.3,2018
Toronto Raptors*,34,16,0.68,2,36,14,111.2,104.2,2018
Cleveland Cavaliers*,30,20,0.6,6,25,25,109.6,109.3,2018
Miami Heat*,29,22,0.569,7.5,24,27,100.2,100.9,2018
Washington Wizards*,29,22,0.569,7.5,28,23,107.3,105.6,2018
Indiana Pacers*,29,23,0.558,8,28,24,106.5,105.3,2018
Milwaukee Bucks*,27,23,0.54,9,24,26,104.8,105.4,2018
Philadelphia 76ers*,24,24,0.5,11,26,22,107.9,106.9,2018
Detroit Pistons,24,26,0.48,12,25,25,102.8,103.1,2018
New York Knicks,23,29,0.442,14,24,28,104.5,105.9,2018
Charlotte Hornets,21,29,0.42,15,25,25,105.7,105.6,2018
Brooklyn Nets,19,33,0.365,18,20,32,105.3,108.8,2018
Chicago Bulls,18,33,0.353,18.5,16,35,103.6,109.3,2018
Orlando Magic,15,35,0.3,21,18,32,105.7,110.3,2018
Atlanta Hawks,15,36,0.294,21.5,18,33,103.6,108.3,2018
Golden State Warriors*,40,11,0.784,NA,37,14,115.6,107.7,2018
Houston Rockets*,37,13,0.74,2.5,36,14,113.8,106.1,2018
San Antonio Spurs*,34,20,0.63,7.5,33,21,100.7,97.6,2018
Minnesota Timberwolves*,33,22,0.6,9,33,22,108.9,105.7,2018
Oklahoma City Thunder*,30,22,0.577,10.5,33,19,106.5,102.5,2018
Portland Trail Blazers*,29,22,0.569,11,29,22,104.9,103.1,2018
New Orleans Pelicans*,27,23,0.54,12.5,25,25,110.8,110.7,2018
Denver Nuggets,27,25,0.519,13.5,27,25,106.6,105.9,2018
Los Angeles Clippers,25,25,0.5,14.5,26,24,107.6,107.3,2018
Utah Jazz*,22,28,0.44,17.5,25,25,102,102.1,2018
Los Angeles Lakers,19,31,0.38,20.5,19,31,106.7,110.3,2018
Memphis Grizzlies,18,33,0.353,22,21,30,99.8,102.5,2018
Phoenix Suns,18,34,0.346,22.5,15,37,104.9,111.8,2018
Sacramento Kings,16,34,0.32,23.5,12,38,98.2,106.5,2018
Dallas Mavericks,16,36,0.308,24.5,22,30,101.4,103.7,2018
Milwaukee Bucks*,37,13,0.74,NA,39,11,117,107.3,2019
Toronto Raptors*,37,16,0.698,1.5,35,18,113.7,108.6,2019
Philadelphia 76ers*,34,18,0.654,4,32,20,115.6,111.9,2019
Boston Celtics*,33,19,0.635,5,37,15,112.4,105.5,2019
Indiana Pacers*,32,19,0.627,5.5,32,19,108.1,103.9,2019
Brooklyn Nets*,28,25,0.528,10.5,27,26,111.9,111.6,2019
Charlotte Hornets,25,26,0.49,12.5,26,25,111.2,111,2019
Miami Heat,24,26,0.48,13,24,26,105.3,105.8,2019
Detroit Pistons*,22,28,0.44,15,21,29,105.6,108.3,2019
Washington Wizards,22,29,0.431,15.5,21,30,112.7,115.3,2019
Orlando Magic*,21,31,0.404,17,20,32,104.3,107.8,2019
Atlanta Hawks,16,35,0.314,21.5,14,37,110.3,118.1,2019
Chicago Bulls,12,40,0.231,26,12,40,101.4,110.8,2019
Cleveland Cavaliers,11,41,0.212,27,10,42,102.6,113.3,2019
New York Knicks,10,41,0.196,27.5,12,39,106.1,115,2019
Golden State Warriors*,36,15,0.706,NA,36,15,118.8,111.8,2019
Denver Nuggets*,36,15,0.706,NA,35,16,112,106.1,2019
Oklahoma City Thunder*,33,18,0.647,3,34,17,114.5,109.3,2019
Portland Trail Blazers*,32,20,0.615,4.5,31,21,113.1,110,2019
San Antonio Spurs*,31,22,0.585,6,31,22,112.6,110.1,2019
Houston Rockets*,29,22,0.569,7,27,24,112.5,111.4,2019
Utah Jazz*,30,23,0.566,7,32,21,109,105.8,2019
Los Angeles Clippers*,28,24,0.538,8.5,27,25,114.3,113.7,2019
Los Angeles Lakers,27,25,0.519,9.5,26,26,112.3,112.1,2019
Sacramento Kings,26,25,0.51,10,23,28,113.4,115,2019
Minnesota Timberwolves,25,26,0.49,11,26,25,111.5,111.3,2019
Dallas Mavericks,23,28,0.451,13,26,25,109.3,108.9,2019
New Orleans Pelicans,23,29,0.442,13.5,28,24,116.3,114.9,2019
Memphis Grizzlies,20,33,0.377,17,21,32,100.4,103.7,2019
Phoenix Suns,11,42,0.208,26,12,41,106.1,115.7,2019
Milwaukee Bucks*,41,7,0.854,NA,39,9,119.9,107.6,2020
Toronto Raptors*,35,14,0.714,6.5,34,15,112.3,106,2020
Miami Heat*,33,15,0.688,8,30,18,111.8,107.9,2020
Boston Celtics*,33,15,0.688,8,34,14,112.5,105.3,2020
Indiana Pacers*,31,18,0.633,10.5,29,20,109.6,106.7,2020
Philadelphia 76ers*,31,19,0.62,11,30,20,108.4,105.4,2020
Brooklyn Nets*,21,27,0.438,20,21,27,110.1,112.1,2020
Orlando Magic*,21,28,0.429,20.5,22,27,103.2,104.7,2020
Chicago Bulls,19,32,0.373,23.5,22,29,106,108.3,2020
Washington Wizards,17,31,0.354,24,17,31,115.7,120.7,2020
Detroit Pistons,17,33,0.34,25,21,29,109,111.4,2020
Charlotte Hornets,16,33,0.327,25.5,13,36,103,110.5,2020
New York Knicks,14,36,0.28,28,14,36,103.8,111.2,2020
Atlanta Hawks,13,37,0.26,29,12,38,109,118.2,2020
Cleveland Cavaliers,13,37,0.26,29,12,38,105.5,114.5,2020
Los Angeles Lakers*,37,11,0.771,NA,34,14,114,106.9,2020
Denver Nuggets*,34,15,0.694,3.5,30,19,109.5,106.1,2020
Los Angeles Clippers*,34,15,0.694,3.5,33,16,115.4,109.5,2020
Utah Jazz*,32,17,0.653,5.5,31,18,111.1,107,2020
Houston Rockets*,30,18,0.625,7,30,18,118.7,114.7,2020
Dallas Mavericks*,30,19,0.612,7.5,33,16,116.4,110.2,2020
Oklahoma City Thunder*,30,20,0.6,8,29,21,110.5,107.9,2020
Memphis Grizzlies,24,25,0.49,13.5,21,28,113.5,115.7,2020
Portland Trail Blazers*,23,27,0.46,15,23,27,113.5,114.7,2020
San Antonio Spurs,22,26,0.458,15,24,24,113.6,113.9,2020
Phoenix Suns,20,28,0.417,17,23,25,113,113.5,2020
New Orleans Pelicans,20,29,0.408,17.5,22,27,115.2,117.1,2020
Sacramento Kings,18,31,0.367,19.5,20,29,107.4,110.7,2020
Minnesota Timberwolves,15,33,0.313,22,18,30,111.5,115.4,2020
Golden State Warriors,11,39,0.22,27,13,37,106.1,114.3,2020
Philadelphia 76ers*,15,6,0.714,NA,13,8,113.9,109.7,2021
Milwaukee Bucks*,12,8,0.6,2.5,15,5,120.5,112.4,2021
Brooklyn Nets*,13,9,0.591,2.5,14,8,122.2,117.7,2021
Boston Celtics*,10,8,0.556,3.5,10,8,111.6,109.2,2021
Indiana Pacers,11,9,0.55,3.5,11,9,113.1,111.2,2021
Atlanta Hawks*,10,10,0.5,4.5,12,8,112.5,110,2021
Charlotte Hornets,10,11,0.476,5,10,11,109.6,110.2,2021
Cleveland Cavaliers,10,11,0.476,5,8,13,104,108.1,2021
Chicago Bulls,8,11,0.421,6,8,11,115.4,117.6,2021
New York Knicks*,9,13,0.409,6.5,10,12,102.2,104.2,2021
Toronto Raptors,8,12,0.4,6.5,11,9,111.3,110.3,2021
Orlando Magic,8,13,0.381,7,6,15,104.7,111.1,2021
Miami Heat*,7,13,0.35,7.5,7,13,106.9,112.3,2021
Detroit Pistons,5,15,0.25,9.5,7,13,108.4,112.7,2021
Washington Wizards*,4,12,0.25,8.5,6,10,116.8,121.8,2021
Los Angeles Clippers*,16,5,0.762,NA,15,6,114.5,106.7,2021
Utah Jazz*,15,5,0.75,0.5,14,6,113.6,106.3,2021
Los Angeles Lakers*,16,6,0.727,0.5,16,6,111.8,104,2021
Denver Nuggets*,12,8,0.6,3.5,13,7,116.6,111.7,2021
Memphis Grizzlies*,9,6,0.6,4,9,6,109.9,107.3,2021
Phoenix Suns*,11,8,0.579,4,11,8,110.4,107.5,2021
Golden State Warriors,11,9,0.55,4.5,9,11,112.4,113.3,2021
Portland Trail Blazers*,10,9,0.526,5,8,11,114.5,116.8,2021
Houston Rockets,10,9,0.526,5,11,8,112.3,109.4,2021
San Antonio Spurs,11,10,0.524,5,10,11,111.2,112.3,2021
Sacramento Kings,9,11,0.45,6.5,7,13,113.4,119.2,2021
Oklahoma City Thunder,8,11,0.421,7,5,14,107.2,115.5,2021
Dallas Mavericks*,8,13,0.381,8,9,12,108.7,110.7,2021
New Orleans Pelicans,7,12,0.368,8,8,11,110.5,113.1,2021
Minnesota Timberwolves,5,15,0.25,10.5,5,15,106.3,115.6,2021
Chicago Bulls*,32,18,0.64,NA,28,22,111.3,109.3,2022
Philadelphia 76ers*,31,19,0.62,1,29,21,107.9,105.5,2022
Miami Heat*,32,20,0.615,1,32,20,108.7,105,2022
Cleveland Cavaliers,31,20,0.608,1.5,33,18,106.8,102.2,2022
Milwaukee Bucks*,32,21,0.604,1.5,32,21,111.8,108.6,2022
Brooklyn Nets*,29,21,0.58,3,27,23,111.8,110.3,2022
Charlotte Hornets,28,23,0.549,4.5,25,26,114.5,114.6,2022
Toronto Raptors*,26,23,0.531,5.5,26,23,107.5,106.5,2022
Boston Celtics*,27,25,0.519,6,32,20,108,104.6,2022
Atlanta Hawks*,24,26,0.48,8,25,25,111.5,111.2,2022
New York Knicks,24,27,0.471,8.5,25,26,104.1,104.6,2022
Washington Wizards,23,27,0.46,9,21,29,107.4,110.1,2022
Indiana Pacers,19,33,0.365,14,23,29,108.9,110.8,2022
Detroit Pistons,12,38,0.24,20,11,39,102.3,111.6,2022
Orlando Magic,11,41,0.212,22,14,38,102.8,110.7,2022
Phoenix Suns*,41,9,0.82,NA,37,13,113,105.1,2022
Golden State Warriors*,39,13,0.75,3,39,13,110.7,102.5,2022
Memphis Grizzlies*,35,18,0.66,7.5,33,20,112.1,108.5,2022
Utah Jazz*,30,21,0.588,11.5,34,17,113.5,107.8,2022
Dallas Mavericks*,29,22,0.569,12.5,30,21,106.1,103.4,2022
Denver Nuggets*,28,22,0.56,13,28,22,109.2,107.4,2022
Minnesota Timberwolves*,26,25,0.51,15.5,28,23,112,110.7,2022
Los Angeles Clippers,26,27,0.491,16.5,25,28,106.1,106.8,2022
Los Angeles Lakers,24,27,0.471,17.5,23,28,111,112.6,2022
Portland Trail Blazers,21,30,0.412,20.5,19,32,108.4,112.4,2022
New Orleans Pelicans*,19,32,0.373,22.5,19,32,105.4,109.5,2022
San Antonio Spurs,19,33,0.365,23,26,26,111.4,111.6,2022
Sacramento Kings,18,34,0.346,24,17,35,109.3,114.7,2022
Oklahoma City Thunder,15,34,0.306,25.5,14,35,100.7,107.4,2022
Houston Rockets,14,36,0.28,27,13,37,108.3,116.9,2022
Boston Celtics*,37,15,0.712,NA,35,17,118.2,112,2023
Milwaukee Bucks*,34,17,0.667,2.5,29,22,114.3,111.9,2023
Philadelphia 76ers*,33,17,0.66,3,31,19,114.5,110.7,2023
Brooklyn Nets*,31,20,0.608,5.5,29,22,114.2,112.1,2023
Cleveland Cavaliers*,31,22,0.585,6.5,34,19,111.2,106.8,2023
Miami Heat*,29,23,0.558,8,27,25,108.5,108.2,2023
New York Knicks*,27,25,0.519,10,29,23,114.4,112.7,2023
Atlanta Hawks*,26,26,0.5,11,26,26,116.5,116.5,2023
Washington Wizards,24,26,0.48,12,25,25,113,113,2023
Indiana Pacers,24,28,0.462,13,23,29,115.1,117.2,2023
Chicago Bulls*,23,27,0.46,13,25,25,114.3,114.4,2023
Toronto Raptors*,23,30,0.434,14.5,27,26,113.1,112.6,2023
Orlando Magic,20,32,0.385,17,21,31,110.9,114.3,2023
Charlotte Hornets,15,37,0.288,22,16,36,112.3,118.7,2023
Detroit Pistons,13,39,0.25,24,15,37,112.6,120.1,2023
Denver Nuggets*,35,16,0.686,NA,31,20,116.6,112.7,2023
Memphis Grizzlies*,32,19,0.627,3,32,19,116.6,112.5,2023
Sacramento Kings*,29,21,0.58,5.5,30,20,119.5,116.4,2023
Los Angeles Clippers*,29,25,0.537,7.5,27,27,110.6,110.5,2023
Minnesota Timberwolves*,28,26,0.519,8.5,27,27,115.1,115,2023
Dallas Mavericks,27,25,0.519,8.5,27,25,112.3,112,2023
Golden State Warriors*,26,25,0.51,9,25,26,118,118,2023
Phoenix Suns*,27,26,0.509,9,28,25,112.7,111.8,2023
Utah Jazz,27,26,0.509,9,28,25,117.8,116.5,2023
New Orleans Pelicans*,26,26,0.5,9.5,28,24,115,113.7,2023
Portland Trail Blazers,25,26,0.49,10,26,25,114.3,113.7,2023
Oklahoma City Thunder*,24,27,0.471,11,27,24,116.6,115.8,2023
Los Angeles Lakers*,24,28,0.462,11.5,24,28,117,118.3,2023
San Antonio Spurs,14,38,0.269,21.5,12,40,112.5,122.3,2023
Houston Rockets,13,38,0.255,22,15,36,109.6,116.9,2023
